dt,portfolio_id,nav
2023-10-19,a000Y000019ZliRQAS,127014.21
2023-10-18,a000Y000019ZliRQAS,126761.52
2023-10-17,a000Y000019ZliRQAS,128124.73
2023-10-16,a000Y000019ZliRQAS,128434.7
2023-10-15,a000Y000019ZliRQAS,127809.73
2023-10-14,a000Y000019ZliRQAS,127809.73
2023-10-13,a000Y000019ZliRQAS,127703.81
2023-10-12,a000Y000019ZliRQAS,127999.82
2023-10-11,a000Y000019ZliRQAS,128263.78
2023-10-10,a000Y000019ZliRQAS,128284.62
2023-10-09,a000Y000019ZliRQAS,126933.99
2023-10-08,a000Y000019ZliRQAS,126417.71
2023-10-07,a000Y000019ZliRQAS,126417.71
2023-10-06,a000Y000019ZliRQAS,126658.2
2023-10-05,a000Y000019ZliRQAS,125970.56
2023-10-04,a000Y000019ZliRQAS,126041.54
2023-10-03,a000Y000019ZliRQAS,125939.75
2023-10-02,a000Y000019ZliRQAS,126817.64
2023-10-01,a000Y000019ZliRQAS,126983.61
2023-09-30,a000Y000019ZliRQAS,126983.61
2023-09-29,a000Y000019ZliRQAS,127048.02
2023-09-28,a000Y000019ZliRQAS,127511.5
2023-09-27,a000Y000019ZliRQAS,126737.4
2023-09-26,a000Y000019ZliRQAS,126513.64
2023-09-25,a000Y000019ZliRQAS,127445.36
2023-09-24,a000Y000019ZliRQAS,127489.62
2023-09-23,a000Y000019ZliRQAS,127489.62
2023-09-22,a000Y000019ZliRQAS,127473.95
2023-09-21,a000Y000019ZliRQAS,127483.19
2023-09-20,a000Y000019ZliRQAS,129300.95
2023-09-19,a000Y000019ZliRQAS,129578.68
2023-09-18,a000Y000019ZliRQAS,130082.11
2023-09-17,a000Y000019ZliRQAS,130515.05
2023-09-16,a000Y000019ZliRQAS,130515.05
2023-09-15,a000Y000019ZliRQAS,130620.7
2023-09-14,a000Y000019ZliRQAS,130777.07
2023-09-13,a000Y000019ZliRQAS,129290.43
2023-09-12,a000Y000019ZliRQAS,129338.22
2023-09-11,a000Y000019ZliRQAS,129922.13
2023-09-10,a000Y000019ZliRQAS,129424.17
2023-09-09,a000Y000019ZliRQAS,129424.17
2023-09-08,a000Y000019ZliRQAS,129434.43
2023-09-07,a000Y000019ZliRQAS,129150.39
2023-09-06,a000Y000019ZliRQAS,129551.22
2023-09-05,a000Y000019ZliRQAS,129850.05
2023-09-04,a000Y000019ZliRQAS,130203.38
2023-09-03,a000Y000019ZliRQAS,130039.31
2023-09-02,a000Y000019ZliRQAS,130039.31
2023-09-01,a000Y000019ZliRQAS,129627.99
2023-08-31,a000Y000019ZliRQAS,128887.25
2023-08-30,a000Y000019ZliRQAS,129048.41
2023-08-29,a000Y000019ZliRQAS,129310.6
2023-08-28,a000Y000019ZliRQAS,127799.32
2023-08-27,a000Y000019ZliRQAS,127218.44
2023-08-26,a000Y000019ZliRQAS,127218.44
2023-08-25,a000Y000019ZliRQAS,127173.09
2023-08-24,a000Y000019ZliRQAS,126736.93
2023-08-23,a000Y000019ZliRQAS,127478.0
2023-08-22,a000Y000019ZliRQAS,126282.28
2023-08-21,a000Y000019ZliRQAS,125948.29
2023-08-20,a000Y000019ZliRQAS,125605.99
2023-08-19,a000Y000019ZliRQAS,125605.99
2023-08-18,a000Y000019ZliRQAS,125575.39
2023-08-17,a000Y000019ZliRQAS,126051.97
2023-08-16,a000Y000019ZliRQAS,126671.84
2023-08-15,a000Y000019ZliRQAS,127229.5
2023-08-14,a000Y000019ZliRQAS,128076.03
2023-08-13,a000Y000019ZliRQAS,127854.3
2023-08-12,a000Y000019ZliRQAS,127854.3
2023-08-11,a000Y000019ZliRQAS,127619.39
2023-08-10,a000Y000019ZliRQAS,128382.55
2023-08-09,a000Y000019ZliRQAS,128055.3
2023-08-08,a000Y000019ZliRQAS,128085.39
2023-08-07,a000Y000019ZliRQAS,128749.94
2023-08-06,a000Y000019ZliRQAS,128394.68
2023-08-05,a000Y000019ZliRQAS,128394.68
2023-08-04,a000Y000019ZliRQAS,128802.05
2023-08-03,a000Y000019ZliRQAS,128966.73
2023-08-02,a000Y000019ZliRQAS,129163.68
2023-08-01,a000Y000019ZliRQAS,130813.83
2023-07-31,a000Y000019ZliRQAS,131134.56
2023-07-30,a000Y000019ZliRQAS,131007.55
2023-07-29,a000Y000019ZliRQAS,131007.55
2023-07-28,a000Y000019ZliRQAS,131264.46
2023-07-27,a000Y000019ZliRQAS,130018.61
2023-07-26,a000Y000019ZliRQAS,129586.47
2023-07-25,a000Y000019ZliRQAS,129651.03
2023-07-24,a000Y000019ZliRQAS,128628.45
2023-07-23,a000Y000019ZliRQAS,128329.74
2023-07-22,a000Y000019ZliRQAS,128329.74
2023-07-21,a000Y000019ZliRQAS,128303.72
2023-07-20,a000Y000019ZliRQAS,127862.61
2023-07-19,a000Y000019ZliRQAS,128077.42
2023-07-18,a000Y000019ZliRQAS,127638.33
2023-07-17,a000Y000019ZliRQAS,126963.31
2023-07-16,a000Y000019ZliRQAS,126903.11
2023-07-15,a000Y000019ZliRQAS,126903.11
2023-07-14,a000Y000019ZliRQAS,126937.66
2023-07-13,a000Y000019ZliRQAS,127475.99
2023-07-12,a000Y000019ZliRQAS,127759.71
2023-07-11,a000Y000019ZliRQAS,126829.83
2023-07-10,a000Y000019ZliRQAS,126236.84
2023-07-09,a000Y000019ZliRQAS,126192.3
2023-07-08,a000Y000019ZliRQAS,126192.3
2023-07-07,a000Y000019ZliRQAS,126640.76
2023-07-06,a000Y000019ZliRQAS,126911.13
2023-07-05,a000Y000019ZliRQAS,128434.25
2023-07-04,a000Y000019ZliRQAS,128523.92
2023-07-03,a000Y000019ZliRQAS,128516.87
2023-07-02,a000Y000019ZliRQAS,128111.24
2023-07-01,a000Y000019ZliRQAS,128111.24
2023-06-30,a000Y000019ZliRQAS,128368.12
2023-06-29,a000Y000019ZliRQAS,127038.87
2023-06-28,a000Y000019ZliRQAS,126635.37
2023-06-27,a000Y000019ZliRQAS,126397.07
2023-06-26,a000Y000019ZliRQAS,125861.87
2023-06-25,a000Y000019ZliRQAS,126189.45
2023-06-24,a000Y000019ZliRQAS,126189.45
2023-06-23,a000Y000019ZliRQAS,125787.6
2023-06-22,a000Y000019ZliRQAS,126477.68
2023-06-21,a000Y000019ZliRQAS,126892.94
2023-06-20,a000Y000019ZliRQAS,127438.61
2023-06-19,a000Y000019ZliRQAS,128039.12
2023-06-18,a000Y000019ZliRQAS,128519.49
2023-06-17,a000Y000019ZliRQAS,128519.49
2023-06-16,a000Y000019ZliRQAS,128431.12
2023-06-15,a000Y000019ZliRQAS,129007.65
2023-06-14,a000Y000019ZliRQAS,128746.84
2023-06-13,a000Y000019ZliRQAS,128773.54
2023-06-12,a000Y000019ZliRQAS,127874.15
2023-06-11,a000Y000019ZliRQAS,127231.02
2023-06-10,a000Y000019ZliRQAS,127231.02
2023-06-09,a000Y000019ZliRQAS,127011.4
2023-06-08,a000Y000019ZliRQAS,127048.69
2023-06-07,a000Y000019ZliRQAS,127012.38
2023-06-06,a000Y000019ZliRQAS,127209.51
2023-06-05,a000Y000019ZliRQAS,126845.66
2023-06-04,a000Y000019ZliRQAS,126878.04
2023-06-03,a000Y000019ZliRQAS,126878.04
2023-06-02,a000Y000019ZliRQAS,126556.95
2023-06-01,a000Y000019ZliRQAS,125007.55
2023-05-31,a000Y000019ZliRQAS,123803.77
2023-05-30,a000Y000019ZliRQAS,124816.4
2023-05-29,a000Y000019ZliRQAS,125053.29
2023-05-28,a000Y000019ZliRQAS,125010.82
2023-05-27,a000Y000019ZliRQAS,125010.82
2023-05-26,a000Y000019ZliRQAS,125030.07
2023-05-25,a000Y000019ZliRQAS,123530.92
2023-05-24,a000Y000019ZliRQAS,123065.05
2023-05-23,a000Y000019ZliRQAS,124050.29
2023-05-22,a000Y000019ZliRQAS,124970.05
2023-05-21,a000Y000019ZliRQAS,124653.07
2023-05-20,a000Y000019ZliRQAS,124653.07
2023-05-19,a000Y000019ZliRQAS,124833.93
2023-05-18,a000Y000019ZliRQAS,124486.48
2023-05-17,a000Y000019ZliRQAS,123310.41
2023-05-16,a000Y000019ZliRQAS,122633.32
2023-05-15,a000Y000019ZliRQAS,123075.82
2023-05-14,a000Y000019ZliRQAS,122731.97
2023-05-13,a000Y000019ZliRQAS,122731.97
2023-05-12,a000Y000019ZliRQAS,122371.72
2023-05-11,a000Y000019ZliRQAS,121948.01
2023-05-10,a000Y000019ZliRQAS,121965.28
2023-05-09,a000Y000019ZliRQAS,121653.62
2023-05-08,a000Y000019ZliRQAS,121549.31
2023-05-07,a000Y000019ZliRQAS,121418.4
2023-05-06,a000Y000019ZliRQAS,121418.4
2023-05-05,a000Y000019ZliRQAS,121435.25
2023-05-04,a000Y000019ZliRQAS,119679.25
2023-05-03,a000Y000019ZliRQAS,120495.77
2023-05-02,a000Y000019ZliRQAS,120788.82
2023-05-01,a000Y000019ZliRQAS,121618.87
2023-04-30,a000Y000019ZliRQAS,121626.93
2023-04-29,a000Y000019ZliRQAS,121626.93
2023-04-28,a000Y000019ZliRQAS,121559.82
2023-04-27,a000Y000019ZliRQAS,120771.05
2023-04-26,a000Y000019ZliRQAS,119996.12
2023-04-25,a000Y000019ZliRQAS,120254.28
2023-04-24,a000Y000019ZliRQAS,121497.54
2023-04-23,a000Y000019ZliRQAS,121596.6
2023-04-22,a000Y000019ZliRQAS,121596.6
2023-04-21,a000Y000019ZliRQAS,121713.22
2023-04-20,a000Y000019ZliRQAS,121875.57
2023-04-19,a000Y000019ZliRQAS,122097.62
2023-04-18,a000Y000019ZliRQAS,122568.02
2023-04-17,a000Y000019ZliRQAS,121973.11
2023-04-16,a000Y000019ZliRQAS,121601.39
2023-04-15,a000Y000019ZliRQAS,121601.39
2023-04-14,a000Y000019ZliRQAS,121361.88
2023-04-13,a000Y000019ZliRQAS,121416.6
2023-04-12,a000Y000019ZliRQAS,121107.52
2023-04-11,a000Y000019ZliRQAS,121710.85
2023-04-10,a000Y000019ZliRQAS,120918.02
2023-04-09,a000Y000019ZliRQAS,120931.82
2023-04-08,a000Y000019ZliRQAS,120931.82
2023-04-07,a000Y000019ZliRQAS,120820.24
2023-04-06,a000Y000019ZliRQAS,120944.02
2023-04-05,a000Y000019ZliRQAS,120785.33
2023-04-04,a000Y000019ZliRQAS,121252.78
2023-04-03,a000Y000019ZliRQAS,122062.8
2023-04-02,a000Y000019ZliRQAS,121935.69
2023-04-01,a000Y000019ZliRQAS,121935.69
2023-03-31,a000Y000019ZliRQAS,121608.32
2023-03-30,a000Y000019ZliRQAS,120695.38
2023-03-29,a000Y000019ZliRQAS,120098.74
2023-03-28,a000Y000019ZliRQAS,119018.44
2023-03-27,a000Y000019ZliRQAS,119294.54
2023-03-26,a000Y000019ZliRQAS,118977.8
2023-03-25,a000Y000019ZliRQAS,118977.8
2023-03-24,a000Y000019ZliRQAS,118607.02
2023-03-23,a000Y000019ZliRQAS,118564.13
2023-03-22,a000Y000019ZliRQAS,118894.17
2023-03-21,a000Y000019ZliRQAS,119638.97
2023-03-20,a000Y000019ZliRQAS,118766.85
2023-03-19,a000Y000019ZliRQAS,118449.01
2023-03-18,a000Y000019ZliRQAS,118449.01
2023-03-17,a000Y000019ZliRQAS,118760.51
2023-03-16,a000Y000019ZliRQAS,119604.71
2023-03-15,a000Y000019ZliRQAS,117583.71
2023-03-14,a000Y000019ZliRQAS,118571.5
2023-03-13,a000Y000019ZliRQAS,118046.42
2023-03-12,a000Y000019ZliRQAS,119110.07
2023-03-11,a000Y000019ZliRQAS,119110.07
2023-03-10,a000Y000019ZliRQAS,119420.08
2023-03-09,a000Y000019ZliRQAS,121464.73
2023-03-08,a000Y000019ZliRQAS,122336.76
2023-03-07,a000Y000019ZliRQAS,121874.12
2023-03-06,a000Y000019ZliRQAS,123178.31
2023-03-05,a000Y000019ZliRQAS,122867.83
2023-03-04,a000Y000019ZliRQAS,122867.83
2023-03-03,a000Y000019ZliRQAS,123035.84
2023-03-02,a000Y000019ZliRQAS,121165.83
2023-03-01,a000Y000019ZliRQAS,121249.66
2023-02-28,a000Y000019ZliRQAS,121273.53
2023-02-27,a000Y000019ZliRQAS,121976.48
2023-02-26,a000Y000019ZliRQAS,121528.22
2023-02-25,a000Y000019ZliRQAS,121528.22
2023-02-24,a000Y000019ZliRQAS,121272.36
2023-02-23,a000Y000019ZliRQAS,122342.88
2023-02-22,a000Y000019ZliRQAS,121748.69
2023-02-21,a000Y000019ZliRQAS,121809.79
2023-02-20,a000Y000019ZliRQAS,123171.4
2023-02-19,a000Y000019ZliRQAS,123036.57
2023-02-18,a000Y000019ZliRQAS,123036.57
2023-02-17,a000Y000019ZliRQAS,123167.46
2023-02-16,a000Y000019ZliRQAS,123747.54
2023-02-15,a000Y000019ZliRQAS,123994.15
2023-02-14,a000Y000019ZliRQAS,123759.82
2023-02-13,a000Y000019ZliRQAS,124086.13
2023-02-12,a000Y000019ZliRQAS,123353.31
2023-02-11,a000Y000019ZliRQAS,123353.31
2023-02-10,a000Y000019ZliRQAS,123025.41
2023-02-09,a000Y000019ZliRQAS,123840.54
2023-02-08,a000Y000019ZliRQAS,123978.13
2023-02-07,a000Y000019ZliRQAS,124379.83
2023-02-06,a000Y000019ZliRQAS,123395.98
2023-02-05,a000Y000019ZliRQAS,124355.95
2023-02-04,a000Y000019ZliRQAS,124355.95
2023-02-03,a000Y000019ZliRQAS,123754.83
2023-02-02,a000Y000019ZliRQAS,123649.04
2023-02-01,a000Y000019ZliRQAS,122587.46
2023-01-31,a000Y000019ZliRQAS,122207.42
2023-01-30,a000Y000019ZliRQAS,121728.15
2023-01-29,a000Y000019ZliRQAS,122556.56
2023-01-28,a000Y000019ZliRQAS,122556.56
2023-01-27,a000Y000019ZliRQAS,122437.49
2023-01-26,a000Y000019ZliRQAS,121871.13
2023-01-25,a000Y000019ZliRQAS,120882.94
2023-01-24,a000Y000019ZliRQAS,121210.61
2023-01-23,a000Y000019ZliRQAS,121331.58
2023-01-22,a000Y000019ZliRQAS,120285.67
2023-01-21,a000Y000019ZliRQAS,120285.67
2023-01-20,a000Y000019ZliRQAS,120439.13
2023-01-19,a000Y000019ZliRQAS,119544.64
2023-01-18,a000Y000019ZliRQAS,120604.71
2023-01-17,a000Y000019ZliRQAS,121109.78
2023-01-16,a000Y000019ZliRQAS,120954.27
2023-01-15,a000Y000019ZliRQAS,120723.19
2023-01-14,a000Y000019ZliRQAS,120723.19
2023-01-13,a000Y000019ZliRQAS,120617.11
2023-01-12,a000Y000019ZliRQAS,120529.88
2023-01-11,a000Y000019ZliRQAS,120202.58
2023-01-10,a000Y000019ZliRQAS,119367.95
2023-01-09,a000Y000019ZliRQAS,119930.0
2023-01-08,a000Y000019ZliRQAS,119279.59
2023-01-07,a000Y000019ZliRQAS,119279.59
2023-01-06,a000Y000019ZliRQAS,119914.33
2023-01-05,a000Y000019ZliRQAS,118156.86
2023-01-04,a000Y000019ZliRQAS,118913.31
2023-01-03,a000Y000019ZliRQAS,117418.95
2023-01-02,a000Y000019ZliRQAS,117478.61
2023-01-01,a000Y000019ZliRQAS,116555.79
2022-12-31,a000Y000019ZliRQAS,116555.79
2022-12-30,a000Y000019ZliRQAS,116722.03
2022-12-29,a000Y000019ZliRQAS,117395.55
2022-12-28,a000Y000019ZliRQAS,116375.82
2022-12-27,a000Y000019ZliRQAS,116945.97
2022-12-26,a000Y000019ZliRQAS,117058.05
2022-12-25,a000Y000019ZliRQAS,117062.07
2022-12-24,a000Y000019ZliRQAS,117062.07
2022-12-23,a000Y000019ZliRQAS,117161.28
2022-12-22,a000Y000019ZliRQAS,117154.92
2022-12-21,a000Y000019ZliRQAS,118080.5
2022-12-20,a000Y000019ZliRQAS,116765.93
2022-12-19,a000Y000019ZliRQAS,117003.27
2022-12-18,a000Y000019ZliRQAS,117517.55
2022-12-17,a000Y000019ZliRQAS,117517.55
2022-12-16,a000Y000019ZliRQAS,117324.8
2022-12-15,a000Y000019ZliRQAS,118094.67
2022-12-14,a000Y000019ZliRQAS,121266.34
2022-12-13,a000Y000019ZliRQAS,121875.27
2022-12-12,a000Y000019ZliRQAS,120854.05
2022-12-11,a000Y000019ZliRQAS,120825.62
2022-12-10,a000Y000019ZliRQAS,120825.62
2022-12-09,a000Y000019ZliRQAS,120691.58
2022-12-08,a000Y000019ZliRQAS,120716.74
2022-12-07,a000Y000019ZliRQAS,120401.28
2022-12-06,a000Y000019ZliRQAS,120898.37
2022-12-05,a000Y000019ZliRQAS,122000.81
2022-12-04,a000Y000019ZliRQAS,122719.02
2022-12-03,a000Y000019ZliRQAS,122719.02
2022-12-02,a000Y000019ZliRQAS,122786.29
2022-12-01,a000Y000019ZliRQAS,123775.88
2022-11-30,a000Y000019ZliRQAS,125637.57
2022-11-29,a000Y000019ZliRQAS,123025.6
2022-11-28,a000Y000019ZliRQAS,122407.06
2022-11-27,a000Y000019ZliRQAS,123721.63
2022-11-26,a000Y000019ZliRQAS,123721.63
2022-11-25,a000Y000019ZliRQAS,123621.49
2022-11-24,a000Y000019ZliRQAS,123806.39
2022-11-23,a000Y000019ZliRQAS,124186.95
2022-11-22,a000Y000019ZliRQAS,124057.49
2022-11-21,a000Y000019ZliRQAS,122110.1
2022-11-20,a000Y000019ZliRQAS,122634.38
2022-11-19,a000Y000019ZliRQAS,122634.38
2022-11-18,a000Y000019ZliRQAS,122338.41
2022-11-17,a000Y000019ZliRQAS,121492.79
2022-11-16,a000Y000019ZliRQAS,122460.81
2022-11-15,a000Y000019ZliRQAS,123647.05
2022-11-14,a000Y000019ZliRQAS,122269.17
2022-11-13,a000Y000019ZliRQAS,122848.55
2022-11-12,a000Y000019ZliRQAS,122848.55
2022-11-11,a000Y000019ZliRQAS,124078.6
2022-11-10,a000Y000019ZliRQAS,124244.78
2022-11-09,a000Y000019ZliRQAS,119255.05
2022-11-08,a000Y000019ZliRQAS,121246.63
2022-11-07,a000Y000019ZliRQAS,120978.92
2022-11-06,a000Y000019ZliRQAS,120064.43
2022-11-05,a000Y000019ZliRQAS,120064.43
2022-11-04,a000Y000019ZliRQAS,121852.73
2022-11-03,a000Y000019ZliRQAS,119696.17
2022-11-02,a000Y000019ZliRQAS,120463.3
2022-11-01,a000Y000019ZliRQAS,121877.58
2022-10-31,a000Y000019ZliRQAS,121031.32
2022-10-30,a000Y000019ZliRQAS,121247.72
2022-10-29,a000Y000019ZliRQAS,121247.72
2022-10-28,a000Y000019ZliRQAS,121262.01
2022-10-27,a000Y000019ZliRQAS,119007.68
2022-10-26,a000Y000019ZliRQAS,120353.42
2022-10-25,a000Y000019ZliRQAS,121090.6
2022-10-24,a000Y000019ZliRQAS,119691.39
2022-10-23,a000Y000019ZliRQAS,118909.4
2022-10-22,a000Y000019ZliRQAS,118909.4
2022-10-21,a000Y000019ZliRQAS,119557.58
2022-10-20,a000Y000019ZliRQAS,118395.68
2022-10-19,a000Y000019ZliRQAS,118236.91
2022-10-18,a000Y000019ZliRQAS,119172.04
2022-10-17,a000Y000019ZliRQAS,119138.83
2022-10-16,a000Y000019ZliRQAS,117247.36
2022-10-15,a000Y000019ZliRQAS,117247.36
2022-10-14,a000Y000019ZliRQAS,116807.47
2022-10-13,a000Y000019ZliRQAS,118461.26
2022-10-12,a000Y000019ZliRQAS,117046.34
2022-10-11,a000Y000019ZliRQAS,117479.75
2022-10-10,a000Y000019ZliRQAS,118200.47
2022-10-09,a000Y000019ZliRQAS,119166.56
2022-10-08,a000Y000019ZliRQAS,119166.56
2022-10-07,a000Y000019ZliRQAS,118752.15
2022-10-06,a000Y000019ZliRQAS,120478.8
2022-10-05,a000Y000019ZliRQAS,120283.4
2022-10-04,a000Y000019ZliRQAS,121597.62
2022-10-03,a000Y000019ZliRQAS,116827.69
2022-10-02,a000Y000019ZliRQAS,116466.93
2022-10-01,a000Y000019ZliRQAS,116466.93
2022-09-30,a000Y000019ZliRQAS,116371.22
2022-09-29,a000Y000019ZliRQAS,117991.92
2022-09-28,a000Y000019ZliRQAS,120899.59
2022-09-27,a000Y000019ZliRQAS,119655.8
2022-09-26,a000Y000019ZliRQAS,119024.9
2022-09-25,a000Y000019ZliRQAS,120301.88
2022-09-24,a000Y000019ZliRQAS,120301.88
2022-09-23,a000Y000019ZliRQAS,119035.62
2022-09-22,a000Y000019ZliRQAS,121102.22
2022-09-21,a000Y000019ZliRQAS,121060.3
2022-09-20,a000Y000019ZliRQAS,121827.13
2022-09-19,a000Y000019ZliRQAS,122795.51
2022-09-18,a000Y000019ZliRQAS,122437.13
2022-09-17,a000Y000019ZliRQAS,122437.13
2022-09-16,a000Y000019ZliRQAS,122585.16
2022-09-15,a000Y000019ZliRQAS,124060.38
2022-09-14,a000Y000019ZliRQAS,125087.14
2022-09-13,a000Y000019ZliRQAS,124122.47
2022-09-12,a000Y000019ZliRQAS,128344.99
2022-09-11,a000Y000019ZliRQAS,126943.98
2022-09-10,a000Y000019ZliRQAS,126943.98
2022-09-09,a000Y000019ZliRQAS,127340.41
2022-09-08,a000Y000019ZliRQAS,125350.54
2022-09-07,a000Y000019ZliRQAS,125242.26
2022-09-06,a000Y000019ZliRQAS,124264.46
2022-09-05,a000Y000019ZliRQAS,124530.66
2022-09-04,a000Y000019ZliRQAS,124836.19
2022-09-03,a000Y000019ZliRQAS,124836.19
2022-09-02,a000Y000019ZliRQAS,124894.71
2022-09-01,a000Y000019ZliRQAS,124281.48
2022-08-31,a000Y000019ZliRQAS,125394.91
2022-08-30,a000Y000019ZliRQAS,126438.92
2022-08-29,a000Y000019ZliRQAS,127783.16
2022-08-28,a000Y000019ZliRQAS,129141.72
2022-08-27,a000Y000019ZliRQAS,129141.72
2022-08-26,a000Y000019ZliRQAS,129048.89
2022-08-25,a000Y000019ZliRQAS,131843.32
2022-08-24,a000Y000019ZliRQAS,130331.35
2022-08-23,a000Y000019ZliRQAS,130454.29
2022-08-22,a000Y000019ZliRQAS,130021.55
2022-08-21,a000Y000019ZliRQAS,131892.28
2022-08-20,a000Y000019ZliRQAS,131892.28
2022-08-19,a000Y000019ZliRQAS,131394.19
2022-08-18,a000Y000019ZliRQAS,131869.47
2022-08-17,a000Y000019ZliRQAS,131847.59
2022-08-16,a000Y000019ZliRQAS,132641.97
2022-08-15,a000Y000019ZliRQAS,131499.38
2022-08-14,a000Y000019ZliRQAS,131056.11
2022-08-13,a000Y000019ZliRQAS,131056.11
2022-08-12,a000Y000019ZliRQAS,130518.86
2022-08-11,a000Y000019ZliRQAS,129243.64
2022-08-10,a000Y000019ZliRQAS,129665.35
2022-08-09,a000Y000019ZliRQAS,127972.23
2022-08-08,a000Y000019ZliRQAS,128840.62
2022-08-07,a000Y000019ZliRQAS,128616.85
2022-08-06,a000Y000019ZliRQAS,128616.85
2022-08-05,a000Y000019ZliRQAS,128074.7
2022-08-04,a000Y000019ZliRQAS,129025.89
2022-08-03,a000Y000019ZliRQAS,128605.73
2022-08-02,a000Y000019ZliRQAS,126702.55
2022-08-01,a000Y000019ZliRQAS,127867.47
2022-07-31,a000Y000019ZliRQAS,127913.36
2022-07-30,a000Y000019ZliRQAS,127913.36
2022-07-29,a000Y000019ZliRQAS,128106.96
2022-07-28,a000Y000019ZliRQAS,126743.3
2022-07-27,a000Y000019ZliRQAS,126086.14
2022-07-26,a000Y000019ZliRQAS,123246.79
2022-07-25,a000Y000019ZliRQAS,124037.88
2022-07-24,a000Y000019ZliRQAS,124101.74
2022-07-23,a000Y000019ZliRQAS,124101.74
2022-07-22,a000Y000019ZliRQAS,124050.3
2022-07-21,a000Y000019ZliRQAS,124831.28
2022-07-20,a000Y000019ZliRQAS,123395.15
2022-07-19,a000Y000019ZliRQAS,123272.12
2022-07-18,a000Y000019ZliRQAS,121622.12
2022-07-17,a000Y000019ZliRQAS,121652.79
2022-07-16,a000Y000019ZliRQAS,121652.79
2022-07-15,a000Y000019ZliRQAS,122256.17
2022-07-14,a000Y000019ZliRQAS,120463.61
2022-07-13,a000Y000019ZliRQAS,121386.8
2022-07-12,a000Y000019ZliRQAS,121978.06
2022-07-11,a000Y000019ZliRQAS,121413.52
2022-07-10,a000Y000019ZliRQAS,122613.44
2022-07-09,a000Y000019ZliRQAS,122613.44
2022-07-08,a000Y000019ZliRQAS,122815.51
2022-07-07,a000Y000019ZliRQAS,122389.78
2022-07-06,a000Y000019ZliRQAS,119760.61
2022-07-05,a000Y000019ZliRQAS,118027.6
2022-07-04,a000Y000019ZliRQAS,118335.07
2022-07-03,a000Y000019ZliRQAS,117980.64
2022-07-02,a000Y000019ZliRQAS,117980.64
2022-07-01,a000Y000019ZliRQAS,117547.07
2022-06-30,a000Y000019ZliRQAS,117474.9
2022-06-29,a000Y000019ZliRQAS,117961.2
2022-06-28,a000Y000019ZliRQAS,118010.28
2022-06-27,a000Y000019ZliRQAS,119349.97
2022-06-26,a000Y000019ZliRQAS,118916.81
2022-06-25,a000Y000019ZliRQAS,118916.81
2022-06-24,a000Y000019ZliRQAS,119145.01
2022-06-23,a000Y000019ZliRQAS,115870.45
2022-06-22,a000Y000019ZliRQAS,115728.14
2022-06-21,a000Y000019ZliRQAS,116354.59
2022-06-20,a000Y000019ZliRQAS,114616.94
2022-06-19,a000Y000019ZliRQAS,114351.31
2022-06-18,a000Y000019ZliRQAS,114351.31
2022-06-17,a000Y000019ZliRQAS,113989.21
2022-06-16,a000Y000019ZliRQAS,117350.45
2022-06-15,a000Y000019ZliRQAS,118282.83
2022-06-14,a000Y000019ZliRQAS,117279.82
2022-06-13,a000Y000019ZliRQAS,117210.49
2022-06-12,a000Y000019ZliRQAS,120943.93
2022-06-11,a000Y000019ZliRQAS,120943.93
2022-06-10,a000Y000019ZliRQAS,120156.72
2022-06-09,a000Y000019ZliRQAS,122384.22
2022-06-08,a000Y000019ZliRQAS,125345.26
2022-06-07,a000Y000019ZliRQAS,125172.39
2022-06-06,a000Y000019ZliRQAS,124352.74
2022-06-05,a000Y000019ZliRQAS,124204.68
2022-06-04,a000Y000019ZliRQAS,124204.68
2022-06-03,a000Y000019ZliRQAS,123989.15
2022-06-02,a000Y000019ZliRQAS,125725.94
2022-06-01,a000Y000019ZliRQAS,123992.07
2022-05-31,a000Y000019ZliRQAS,124256.0
2022-05-30,a000Y000019ZliRQAS,125161.76
2022-05-29,a000Y000019ZliRQAS,124531.36
2022-05-28,a000Y000019ZliRQAS,124531.36
2022-05-27,a000Y000019ZliRQAS,124549.63
2022-05-26,a000Y000019ZliRQAS,121123.52
2022-05-25,a000Y000019ZliRQAS,120467.87
2022-05-24,a000Y000019ZliRQAS,120208.82
2022-05-23,a000Y000019ZliRQAS,122433.73
2022-05-22,a000Y000019ZliRQAS,120920.71
2022-05-21,a000Y000019ZliRQAS,120920.71
2022-05-20,a000Y000019ZliRQAS,120713.18
2022-05-19,a000Y000019ZliRQAS,121162.59
2022-05-18,a000Y000019ZliRQAS,121549.97
2022-05-17,a000Y000019ZliRQAS,125294.06
2022-05-16,a000Y000019ZliRQAS,123501.75
2022-05-15,a000Y000019ZliRQAS,123648.58
2022-05-14,a000Y000019ZliRQAS,123648.58
2022-05-13,a000Y000019ZliRQAS,123890.57
2022-05-12,a000Y000019ZliRQAS,120155.21
2022-05-11,a000Y000019ZliRQAS,120423.83
2022-05-10,a000Y000019ZliRQAS,120980.21
2022-05-09,a000Y000019ZliRQAS,121451.36
2022-05-08,a000Y000019ZliRQAS,124492.13
2022-05-07,a000Y000019ZliRQAS,124492.13
2022-05-06,a000Y000019ZliRQAS,124600.98
2022-05-05,a000Y000019ZliRQAS,125464.39
2022-05-04,a000Y000019ZliRQAS,129016.27
2022-05-03,a000Y000019ZliRQAS,127541.66
2022-05-02,a000Y000019ZliRQAS,126610.77
2022-05-01,a000Y000019ZliRQAS,126912.85
2022-04-30,a000Y000019ZliRQAS,126912.85
2022-04-29,a000Y000019ZliRQAS,127328.22
2022-04-28,a000Y000019ZliRQAS,128652.08
2022-04-27,a000Y000019ZliRQAS,125966.46
2022-04-26,a000Y000019ZliRQAS,125201.62
2022-04-25,a000Y000019ZliRQAS,126510.74
2022-04-24,a000Y000019ZliRQAS,127065.0
2022-04-23,a000Y000019ZliRQAS,127065.0
2022-04-22,a000Y000019ZliRQAS,126749.31
2022-04-21,a000Y000019ZliRQAS,129477.62
2022-04-20,a000Y000019ZliRQAS,131209.23
2022-04-19,a000Y000019ZliRQAS,130789.37
2022-04-18,a000Y000019ZliRQAS,130071.1
2022-04-17,a000Y000019ZliRQAS,130238.58
2022-04-16,a000Y000019ZliRQAS,130238.58
2022-04-15,a000Y000019ZliRQAS,130062.43
2022-04-14,a000Y000019ZliRQAS,129594.32
2022-04-13,a000Y000019ZliRQAS,130817.71
2022-04-12,a000Y000019ZliRQAS,129464.18
2022-04-11,a000Y000019ZliRQAS,129936.51
2022-04-10,a000Y000019ZliRQAS,131562.37
2022-04-09,a000Y000019ZliRQAS,131562.37
2022-04-08,a000Y000019ZliRQAS,131853.31
2022-04-07,a000Y000019ZliRQAS,131196.12
2022-04-06,a000Y000019ZliRQAS,131394.95
2022-04-05,a000Y000019ZliRQAS,132562.28
2022-04-04,a000Y000019ZliRQAS,132784.92
2022-04-03,a000Y000019ZliRQAS,131583.41
2022-04-02,a000Y000019ZliRQAS,131583.41
2022-04-01,a000Y000019ZliRQAS,131490.27
2022-03-31,a000Y000019ZliRQAS,130406.43
2022-03-30,a000Y000019ZliRQAS,132468.29
2022-03-29,a000Y000019ZliRQAS,133800.07
2022-03-28,a000Y000019ZliRQAS,132116.0
2022-03-27,a000Y000019ZliRQAS,131744.24
2022-03-26,a000Y000019ZliRQAS,131744.24
2022-03-25,a000Y000019ZliRQAS,131612.67
2022-03-24,a000Y000019ZliRQAS,131311.82
2022-03-23,a000Y000019ZliRQAS,130336.37
2022-03-22,a000Y000019ZliRQAS,131167.5
2022-03-21,a000Y000019ZliRQAS,129608.45
2022-03-20,a000Y000019ZliRQAS,129691.75
2022-03-19,a000Y000019ZliRQAS,129691.75
2022-03-18,a000Y000019ZliRQAS,129432.38
2022-03-17,a000Y000019ZliRQAS,128402.86
2022-03-16,a000Y000019ZliRQAS,126660.12
2022-03-15,a000Y000019ZliRQAS,124004.38
2022-03-14,a000Y000019ZliRQAS,123279.71
2022-03-13,a000Y000019ZliRQAS,124085.93
2022-03-12,a000Y000019ZliRQAS,124085.93
2022-03-11,a000Y000019ZliRQAS,123524.99
2022-03-10,a000Y000019ZliRQAS,123893.61
2022-03-09,a000Y000019ZliRQAS,125170.53
2022-03-08,a000Y000019ZliRQAS,123106.11
2022-03-07,a000Y000019ZliRQAS,123772.97
2022-03-06,a000Y000019ZliRQAS,126909.26
2022-03-05,a000Y000019ZliRQAS,126909.26
2022-03-04,a000Y000019ZliRQAS,125863.14
2022-03-03,a000Y000019ZliRQAS,127356.87
2022-03-02,a000Y000019ZliRQAS,127724.77
2022-03-01,a000Y000019ZliRQAS,127250.25
2022-02-28,a000Y000019ZliRQAS,127001.0
2022-02-27,a000Y000019ZliRQAS,127091.17
2022-02-26,a000Y000019ZliRQAS,127091.17
2022-02-25,a000Y000019ZliRQAS,127637.16
2022-02-24,a000Y000019ZliRQAS,124089.64
2022-02-23,a000Y000019ZliRQAS,124621.81
2022-02-22,a000Y000019ZliRQAS,126126.22
2022-02-21,a000Y000019ZliRQAS,127140.61
2022-02-20,a000Y000019ZliRQAS,127636.36
2022-02-19,a000Y000019ZliRQAS,127636.36
2022-02-18,a000Y000019ZliRQAS,127359.14
2022-02-17,a000Y000019ZliRQAS,128290.91
2022-02-16,a000Y000019ZliRQAS,130028.93
2022-02-15,a000Y000019ZliRQAS,129997.33
2022-02-14,a000Y000019ZliRQAS,128284.31
2022-02-13,a000Y000019ZliRQAS,129410.45
2022-02-12,a000Y000019ZliRQAS,129410.45
2022-02-11,a000Y000019ZliRQAS,128835.42
2022-02-10,a000Y000019ZliRQAS,130443.28
2022-02-09,a000Y000019ZliRQAS,131485.75
2022-02-08,a000Y000019ZliRQAS,129332.88
2022-02-07,a000Y000019ZliRQAS,128553.29
2022-02-06,a000Y000019ZliRQAS,128514.84
2022-02-05,a000Y000019ZliRQAS,128514.84
2022-02-04,a000Y000019ZliRQAS,128594.32
2022-02-03,a000Y000019ZliRQAS,129848.38
2022-02-02,a000Y000019ZliRQAS,132556.17
2022-02-01,a000Y000019ZliRQAS,131852.33
2022-01-31,a000Y000019ZliRQAS,131396.98
2022-01-30,a000Y000019ZliRQAS,129250.36
2022-01-29,a000Y000019ZliRQAS,129250.36
2022-01-28,a000Y000019ZliRQAS,129188.1
2022-01-27,a000Y000019ZliRQAS,127264.03
2022-01-26,a000Y000019ZliRQAS,127343.35
2022-01-25,a000Y000019ZliRQAS,127014.7
2022-01-24,a000Y000019ZliRQAS,128185.92
2022-01-23,a000Y000019ZliRQAS,129443.48
2022-01-22,a000Y000019ZliRQAS,129443.48
2022-01-21,a000Y000019ZliRQAS,129691.27
2022-01-20,a000Y000019ZliRQAS,131255.0
2022-01-19,a000Y000019ZliRQAS,131725.13
2022-01-18,a000Y000019ZliRQAS,132086.85
2022-01-17,a000Y000019ZliRQAS,133941.35
2022-01-16,a000Y000019ZliRQAS,133935.77
2022-01-15,a000Y000019ZliRQAS,133935.77
2022-01-14,a000Y000019ZliRQAS,133644.56
2022-01-13,a000Y000019ZliRQAS,134294.48
2022-01-12,a000Y000019ZliRQAS,135909.12
2022-01-11,a000Y000019ZliRQAS,135205.69
2022-01-10,a000Y000019ZliRQAS,134149.97
2022-01-09,a000Y000019ZliRQAS,134554.09
2022-01-08,a000Y000019ZliRQAS,134554.09
2022-01-07,a000Y000019ZliRQAS,135063.82
2022-01-06,a000Y000019ZliRQAS,135365.42
2022-01-05,a000Y000019ZliRQAS,136495.03
2022-01-04,a000Y000019ZliRQAS,138054.12
2022-01-03,a000Y000019ZliRQAS,137119.41
2022-01-02,a000Y000019ZliRQAS,136826.59
2022-01-01,a000Y000019ZliRQAS,136826.59
2021-12-31,a000Y000019ZliRQAS,137156.93
2021-12-30,a000Y000019ZliRQAS,137037.27
2021-12-29,a000Y000019ZliRQAS,137552.46
2021-12-28,a000Y000019ZliRQAS,137421.19
2021-12-27,a000Y000019ZliRQAS,137240.6
2021-12-26,a000Y000019ZliRQAS,136071.81
2021-12-25,a000Y000019ZliRQAS,136071.81
2021-12-24,a000Y000019ZliRQAS,135986.71
2021-12-23,a000Y000019ZliRQAS,135994.89
2021-12-22,a000Y000019ZliRQAS,135332.53
2021-12-21,a000Y000019ZliRQAS,134129.89
2021-12-20,a000Y000019ZliRQAS,132764.45
2021-12-19,a000Y000019ZliRQAS,134312.41
2021-12-18,a000Y000019ZliRQAS,134312.41
2021-12-17,a000Y000019ZliRQAS,133643.7
2021-12-16,a000Y000019ZliRQAS,135059.27
2021-12-15,a000Y000019ZliRQAS,135334.94
2021-12-14,a000Y000019ZliRQAS,134218.5
2021-12-13,a000Y000019ZliRQAS,135063.34
2021-12-12,a000Y000019ZliRQAS,136100.97
2021-12-11,a000Y000019ZliRQAS,136100.97
2021-12-10,a000Y000019ZliRQAS,136281.24
2021-12-09,a000Y000019ZliRQAS,135810.69
2021-12-08,a000Y000019ZliRQAS,136983.67
2021-12-07,a000Y000019ZliRQAS,136182.4
2021-12-06,a000Y000019ZliRQAS,133265.32
2021-12-05,a000Y000019ZliRQAS,132476.87
2021-12-04,a000Y000019ZliRQAS,132476.87
2021-12-03,a000Y000019ZliRQAS,132587.2
2021-12-02,a000Y000019ZliRQAS,133045.03
2021-12-01,a000Y000019ZliRQAS,132049.91
2021-11-30,a000Y000019ZliRQAS,132926.17
2021-11-29,a000Y000019ZliRQAS,134450.19
2021-11-28,a000Y000019ZliRQAS,134225.86
2021-11-27,a000Y000019ZliRQAS,134225.86
2021-11-26,a000Y000019ZliRQAS,135076.79
2021-11-25,a000Y000019ZliRQAS,137915.69
2021-11-24,a000Y000019ZliRQAS,137322.39
2021-11-23,a000Y000019ZliRQAS,137509.04
2021-11-22,a000Y000019ZliRQAS,137538.04
2021-11-21,a000Y000019ZliRQAS,137988.31
2021-11-20,a000Y000019ZliRQAS,137988.31
2021-11-19,a000Y000019ZliRQAS,137394.79
2021-11-18,a000Y000019ZliRQAS,137928.57
2021-11-17,a000Y000019ZliRQAS,138019.3
2021-11-16,a000Y000019ZliRQAS,137956.29
2021-11-15,a000Y000019ZliRQAS,136818.44
2021-11-14,a000Y000019ZliRQAS,136453.54
2021-11-13,a000Y000019ZliRQAS,136453.54
2021-11-12,a000Y000019ZliRQAS,136442.16
2021-11-11,a000Y000019ZliRQAS,135357.5
2021-11-10,a000Y000019ZliRQAS,134421.6
2021-11-09,a000Y000019ZliRQAS,135162.95
2021-11-08,a000Y000019ZliRQAS,135549.21
2021-11-07,a000Y000019ZliRQAS,135407.17
2021-11-06,a000Y000019ZliRQAS,135407.17
2021-11-05,a000Y000019ZliRQAS,135507.01
2021-11-04,a000Y000019ZliRQAS,134849.77
2021-11-03,a000Y000019ZliRQAS,134385.56
2021-11-02,a000Y000019ZliRQAS,133591.12
2021-11-01,a000Y000019ZliRQAS,133518.92
2021-10-31,a000Y000019ZliRQAS,133069.41
2021-10-30,a000Y000019ZliRQAS,133069.41
2021-10-29,a000Y000019ZliRQAS,132264.18
2021-10-28,a000Y000019ZliRQAS,132755.14
2021-10-27,a000Y000019ZliRQAS,132320.03
2021-10-26,a000Y000019ZliRQAS,132900.63
2021-10-25,a000Y000019ZliRQAS,132341.36
2021-10-24,a000Y000019ZliRQAS,132022.16
2021-10-23,a000Y000019ZliRQAS,132022.16
2021-10-22,a000Y000019ZliRQAS,132199.14
2021-10-21,a000Y000019ZliRQAS,132035.31
2021-10-20,a000Y000019ZliRQAS,132073.95
2021-10-19,a000Y000019ZliRQAS,131826.18
2021-10-18,a000Y000019ZliRQAS,131155.36
2021-10-17,a000Y000019ZliRQAS,130903.78
2021-10-16,a000Y000019ZliRQAS,130903.78
2021-10-15,a000Y000019ZliRQAS,130944.47
2021-10-14,a000Y000019ZliRQAS,129886.09
2021-10-13,a000Y000019ZliRQAS,128643.01
2021-10-12,a000Y000019ZliRQAS,128019.63
2021-10-11,a000Y000019ZliRQAS,129038.69
2021-10-10,a000Y000019ZliRQAS,129102.37
2021-10-09,a000Y000019ZliRQAS,129102.37
2021-10-08,a000Y000019ZliRQAS,129164.36
2021-10-07,a000Y000019ZliRQAS,129022.74
2021-10-06,a000Y000019ZliRQAS,127730.72
2021-10-05,a000Y000019ZliRQAS,127369.62
2021-10-04,a000Y000019ZliRQAS,127051.26
2021-10-03,a000Y000019ZliRQAS,128111.29
2021-10-02,a000Y000019ZliRQAS,128111.29
2021-10-01,a000Y000019ZliRQAS,128191.48
2021-09-30,a000Y000019ZliRQAS,127904.53
2021-09-29,a000Y000019ZliRQAS,127831.06
2021-09-28,a000Y000019ZliRQAS,128238.13
2021-09-27,a000Y000019ZliRQAS,130648.66
2021-09-26,a000Y000019ZliRQAS,130961.01
2021-09-25,a000Y000019ZliRQAS,130961.01
2021-09-24,a000Y000019ZliRQAS,130918.15
2021-09-23,a000Y000019ZliRQAS,130892.78
2021-09-22,a000Y000019ZliRQAS,130349.9
2021-09-21,a000Y000019ZliRQAS,130188.62
2021-09-20,a000Y000019ZliRQAS,130787.52
2021-09-19,a000Y000019ZliRQAS,131674.87
2021-09-18,a000Y000019ZliRQAS,131674.87
2021-09-17,a000Y000019ZliRQAS,131202.97
2021-09-16,a000Y000019ZliRQAS,134213.67
2021-09-15,a000Y000019ZliRQAS,134454.76
2021-09-14,a000Y000019ZliRQAS,134615.73
2021-09-13,a000Y000019ZliRQAS,134693.13
2021-09-12,a000Y000019ZliRQAS,134770.93
2021-09-11,a000Y000019ZliRQAS,134770.93
2021-09-10,a000Y000019ZliRQAS,134702.4
2021-09-09,a000Y000019ZliRQAS,135058.07
2021-09-08,a000Y000019ZliRQAS,135262.55
2021-09-07,a000Y000019ZliRQAS,135568.9
2021-09-06,a000Y000019ZliRQAS,135635.08
2021-09-05,a000Y000019ZliRQAS,135346.15
2021-09-04,a000Y000019ZliRQAS,135346.15
2021-09-03,a000Y000019ZliRQAS,135397.87
2021-09-02,a000Y000019ZliRQAS,135387.62
2021-09-01,a000Y000019ZliRQAS,135410.05
2021-08-31,a000Y000019ZliRQAS,135286.04
2021-08-30,a000Y000019ZliRQAS,134762.83
2021-08-29,a000Y000019ZliRQAS,134355.99
2021-08-28,a000Y000019ZliRQAS,134355.99
2021-08-27,a000Y000019ZliRQAS,134633.11
2021-08-26,a000Y000019ZliRQAS,134085.18
2021-08-25,a000Y000019ZliRQAS,134679.96
2021-08-24,a000Y000019ZliRQAS,134501.11
2021-08-23,a000Y000019ZliRQAS,134189.21
2021-08-22,a000Y000019ZliRQAS,133008.8
2021-08-21,a000Y000019ZliRQAS,133008.8
2021-08-20,a000Y000019ZliRQAS,133304.62
2021-08-19,a000Y000019ZliRQAS,132771.01
2021-08-18,a000Y000019ZliRQAS,133691.78
2021-08-17,a000Y000019ZliRQAS,133438.51
2021-08-16,a000Y000019ZliRQAS,133741.24
2021-08-15,a000Y000019ZliRQAS,134220.88
2021-08-14,a000Y000019ZliRQAS,134220.88
2021-08-13,a000Y000019ZliRQAS,134654.08
2021-08-12,a000Y000019ZliRQAS,134998.57
2021-08-11,a000Y000019ZliRQAS,135151.88
2021-08-10,a000Y000019ZliRQAS,134724.58
2021-08-09,a000Y000019ZliRQAS,134349.2
2021-08-08,a000Y000019ZliRQAS,134361.67
2021-08-07,a000Y000019ZliRQAS,134361.67
2021-08-06,a000Y000019ZliRQAS,133892.81
2021-08-05,a000Y000019ZliRQAS,133684.06
2021-08-04,a000Y000019ZliRQAS,133138.95
2021-08-03,a000Y000019ZliRQAS,133027.8
2021-08-02,a000Y000019ZliRQAS,132935.92
2021-08-01,a000Y000019ZliRQAS,132514.14
2021-07-31,a000Y000019ZliRQAS,132514.14
2021-07-30,a000Y000019ZliRQAS,132415.28
2021-07-29,a000Y000019ZliRQAS,133468.27
2021-07-28,a000Y000019ZliRQAS,132946.09
2021-07-27,a000Y000019ZliRQAS,132943.21
2021-07-26,a000Y000019ZliRQAS,134221.95
2021-07-25,a000Y000019ZliRQAS,134049.37
2021-07-24,a000Y000019ZliRQAS,134049.37
2021-07-23,a000Y000019ZliRQAS,134168.22
2021-07-22,a000Y000019ZliRQAS,133046.86
2021-07-21,a000Y000019ZliRQAS,132600.46
2021-07-20,a000Y000019ZliRQAS,131383.39
2021-07-19,a000Y000019ZliRQAS,130598.67
2021-07-18,a000Y000019ZliRQAS,132613.46
2021-07-17,a000Y000019ZliRQAS,132613.46
2021-07-16,a000Y000019ZliRQAS,132570.49
2021-07-15,a000Y000019ZliRQAS,133176.74
2021-07-14,a000Y000019ZliRQAS,134117.75
2021-07-13,a000Y000019ZliRQAS,133664.29
2021-07-12,a000Y000019ZliRQAS,133235.4
2021-07-11,a000Y000019ZliRQAS,132502.96
2021-07-10,a000Y000019ZliRQAS,132502.96
2021-07-09,a000Y000019ZliRQAS,132679.92
2021-07-08,a000Y000019ZliRQAS,132426.13
2021-07-07,a000Y000019ZliRQAS,133318.99
2021-07-06,a000Y000019ZliRQAS,132627.77
2021-07-05,a000Y000019ZliRQAS,132978.85
2021-07-04,a000Y000019ZliRQAS,132750.87
2021-07-03,a000Y000019ZliRQAS,132750.87
2021-07-02,a000Y000019ZliRQAS,132824.19
2021-07-01,a000Y000019ZliRQAS,132115.39
2021-06-30,a000Y000019ZliRQAS,131794.91
2021-06-29,a000Y000019ZliRQAS,131854.49
2021-06-28,a000Y000019ZliRQAS,131563.6
2021-06-27,a000Y000019ZliRQAS,131536.56
2021-06-26,a000Y000019ZliRQAS,131536.56
2021-06-25,a000Y000019ZliRQAS,131550.67
2021-06-24,a000Y000019ZliRQAS,130967.26
2021-06-23,a000Y000019ZliRQAS,130373.05
2021-06-22,a000Y000019ZliRQAS,130462.25
2021-06-21,a000Y000019ZliRQAS,129758.44
2021-06-20,a000Y000019ZliRQAS,129712.34
2021-06-19,a000Y000019ZliRQAS,129712.34
2021-06-18,a000Y000019ZliRQAS,129453.44
2021-06-17,a000Y000019ZliRQAS,129727.35
2021-06-16,a000Y000019ZliRQAS,129199.61
2021-06-15,a000Y000019ZliRQAS,129401.0
2021-06-14,a000Y000019ZliRQAS,129414.9
2021-06-13,a000Y000019ZliRQAS,129230.78
2021-06-12,a000Y000019ZliRQAS,129230.78
2021-06-11,a000Y000019ZliRQAS,128867.92
2021-06-10,a000Y000019ZliRQAS,128362.43
2021-06-09,a000Y000019ZliRQAS,128019.18
2021-06-08,a000Y000019ZliRQAS,127717.98
2021-06-07,a000Y000019ZliRQAS,127818.87
2021-06-06,a000Y000019ZliRQAS,127733.73
2021-06-05,a000Y000019ZliRQAS,127733.73
2021-06-04,a000Y000019ZliRQAS,127970.1
2021-06-03,a000Y000019ZliRQAS,126967.11
2021-06-02,a000Y000019ZliRQAS,127134.98
2021-06-01,a000Y000019ZliRQAS,126943.59
2021-05-31,a000Y000019ZliRQAS,127144.79
2021-05-30,a000Y000019ZliRQAS,127292.43
2021-05-29,a000Y000019ZliRQAS,127292.43
2021-05-28,a000Y000019ZliRQAS,127276.42
2021-05-27,a000Y000019ZliRQAS,126814.19
2021-05-26,a000Y000019ZliRQAS,126315.67
2021-05-25,a000Y000019ZliRQAS,126250.13
2021-05-24,a000Y000019ZliRQAS,126110.7
2021-05-23,a000Y000019ZliRQAS,125763.04
2021-05-22,a000Y000019ZliRQAS,125763.04
2021-05-21,a000Y000019ZliRQAS,125494.09
2021-05-20,a000Y000019ZliRQAS,125382.51
2021-05-19,a000Y000019ZliRQAS,123880.01
2021-05-18,a000Y000019ZliRQAS,125503.24
2021-05-17,a000Y000019ZliRQAS,125326.29
2021-05-16,a000Y000019ZliRQAS,125359.05
2021-05-15,a000Y000019ZliRQAS,125359.05
2021-05-14,a000Y000019ZliRQAS,125711.93
2021-05-13,a000Y000019ZliRQAS,124437.25
2021-05-12,a000Y000019ZliRQAS,124030.82
2021-05-11,a000Y000019ZliRQAS,125630.78
2021-05-10,a000Y000019ZliRQAS,127257.38
2021-05-09,a000Y000019ZliRQAS,127414.68
2021-05-08,a000Y000019ZliRQAS,127414.68
2021-05-07,a000Y000019ZliRQAS,128003.71
2021-05-06,a000Y000019ZliRQAS,127427.48
2021-05-05,a000Y000019ZliRQAS,127036.77
2021-05-04,a000Y000019ZliRQAS,126322.18
2021-05-03,a000Y000019ZliRQAS,127429.18
2021-05-02,a000Y000019ZliRQAS,127330.98
2021-05-01,a000Y000019ZliRQAS,127330.98
2021-04-30,a000Y000019ZliRQAS,126735.14
2021-04-29,a000Y000019ZliRQAS,127429.62
2021-04-28,a000Y000019ZliRQAS,127379.39
2021-04-27,a000Y000019ZliRQAS,127300.69
2021-04-26,a000Y000019ZliRQAS,127255.45
2021-04-25,a000Y000019ZliRQAS,126942.68
2021-04-24,a000Y000019ZliRQAS,126942.68
2021-04-23,a000Y000019ZliRQAS,127438.58
2021-04-22,a000Y000019ZliRQAS,127132.27
2021-04-21,a000Y000019ZliRQAS,126649.89
2021-04-20,a000Y000019ZliRQAS,126265.14
2021-04-19,a000Y000019ZliRQAS,127852.37
2021-04-18,a000Y000019ZliRQAS,128092.35
2021-04-17,a000Y000019ZliRQAS,128092.35
2021-04-16,a000Y000019ZliRQAS,128194.55
2021-04-15,a000Y000019ZliRQAS,127475.67
2021-04-14,a000Y000019ZliRQAS,126972.12
2021-04-13,a000Y000019ZliRQAS,126875.45
2021-04-12,a000Y000019ZliRQAS,126838.29
2021-04-11,a000Y000019ZliRQAS,127160.87
2021-04-10,a000Y000019ZliRQAS,127160.87
2021-04-09,a000Y000019ZliRQAS,127057.6
2021-04-08,a000Y000019ZliRQAS,126895.95
2021-04-07,a000Y000019ZliRQAS,126555.88
2021-04-06,a000Y000019ZliRQAS,127146.96
2021-04-05,a000Y000019ZliRQAS,126080.05
2021-04-04,a000Y000019ZliRQAS,125955.5
2021-04-03,a000Y000019ZliRQAS,125955.5
2021-04-02,a000Y000019ZliRQAS,125884.02
2021-04-01,a000Y000019ZliRQAS,126145.43
2021-03-31,a000Y000019ZliRQAS,125222.88
2021-03-30,a000Y000019ZliRQAS,124842.13
2021-03-29,a000Y000019ZliRQAS,124836.17
2021-03-28,a000Y000019ZliRQAS,124442.36
2021-03-27,a000Y000019ZliRQAS,124442.36
2021-03-26,a000Y000019ZliRQAS,124624.15
2021-03-25,a000Y000019ZliRQAS,122840.08
2021-03-24,a000Y000019ZliRQAS,122765.5
2021-03-23,a000Y000019ZliRQAS,122944.4
2021-03-22,a000Y000019ZliRQAS,123859.68
2021-03-21,a000Y000019ZliRQAS,123164.31
2021-03-20,a000Y000019ZliRQAS,123164.31
2021-03-19,a000Y000019ZliRQAS,123098.79
2021-03-18,a000Y000019ZliRQAS,123467.14
2021-03-17,a000Y000019ZliRQAS,123855.1
2021-03-16,a000Y000019ZliRQAS,123919.68
2021-03-15,a000Y000019ZliRQAS,123051.27
2021-03-14,a000Y000019ZliRQAS,122812.0
2021-03-13,a000Y000019ZliRQAS,122812.0
2021-03-12,a000Y000019ZliRQAS,122618.78
2021-03-11,a000Y000019ZliRQAS,123041.0
2021-03-10,a000Y000019ZliRQAS,121992.22
2021-03-09,a000Y000019ZliRQAS,121708.81
2021-03-08,a000Y000019ZliRQAS,120459.27
2021-03-07,a000Y000019ZliRQAS,119276.09
2021-03-06,a000Y000019ZliRQAS,119276.09
2021-03-05,a000Y000019ZliRQAS,119004.45
2021-03-04,a000Y000019ZliRQAS,118712.81
2021-03-03,a000Y000019ZliRQAS,119956.94
2021-03-02,a000Y000019ZliRQAS,120590.82
2021-03-01,a000Y000019ZliRQAS,120467.64
2021-02-28,a000Y000019ZliRQAS,118595.91
2021-02-27,a000Y000019ZliRQAS,118595.91
2021-02-26,a000Y000019ZliRQAS,118075.69
2021-02-25,a000Y000019ZliRQAS,119937.01
2021-02-24,a000Y000019ZliRQAS,120620.91
2021-02-23,a000Y000019ZliRQAS,120308.35
2021-02-22,a000Y000019ZliRQAS,121180.31
2021-02-21,a000Y000019ZliRQAS,121994.79
2021-02-20,a000Y000019ZliRQAS,121994.79
2021-02-19,a000Y000019ZliRQAS,122142.77
2021-02-18,a000Y000019ZliRQAS,122516.01
2021-02-17,a000Y000019ZliRQAS,122800.83
2021-02-16,a000Y000019ZliRQAS,123012.12
2021-02-15,a000Y000019ZliRQAS,123163.86
2021-02-14,a000Y000019ZliRQAS,122467.41
2021-02-13,a000Y000019ZliRQAS,122467.41
2021-02-12,a000Y000019ZliRQAS,122410.38
2021-02-11,a000Y000019ZliRQAS,122138.29
2021-02-10,a000Y000019ZliRQAS,121797.86
2021-02-09,a000Y000019ZliRQAS,122142.08
2021-02-08,a000Y000019ZliRQAS,122025.32
2021-02-07,a000Y000019ZliRQAS,121232.89
2021-02-06,a000Y000019ZliRQAS,121232.89
2021-02-05,a000Y000019ZliRQAS,121487.95
2021-02-04,a000Y000019ZliRQAS,120923.72
2021-02-03,a000Y000019ZliRQAS,120298.34
2021-02-02,a000Y000019ZliRQAS,119583.26
2021-02-01,a000Y000019ZliRQAS,117580.56
2021-01-31,a000Y000019ZliRQAS,117242.92
2021-01-30,a000Y000019ZliRQAS,117242.92
2021-01-29,a000Y000019ZliRQAS,117303.33
2021-01-28,a000Y000019ZliRQAS,118286.15
2021-01-27,a000Y000019ZliRQAS,118088.25
2021-01-26,a000Y000019ZliRQAS,119632.62
2021-01-25,a000Y000019ZliRQAS,119375.85
2021-01-24,a000Y000019ZliRQAS,119512.99
2021-01-23,a000Y000019ZliRQAS,119512.99
2021-01-22,a000Y000019ZliRQAS,119555.17
2021-01-21,a000Y000019ZliRQAS,120119.49
2021-01-20,a000Y000019ZliRQAS,119667.27
2021-01-19,a000Y000019ZliRQAS,118725.24
2021-01-18,a000Y000019ZliRQAS,118488.22
2021-01-17,a000Y000019ZliRQAS,118546.58
2021-01-16,a000Y000019ZliRQAS,118546.58
2021-01-15,a000Y000019ZliRQAS,118192.7
2021-01-14,a000Y000019ZliRQAS,118754.73
2021-01-13,a000Y000019ZliRQAS,118113.62
2021-01-12,a000Y000019ZliRQAS,118077.33
2021-01-11,a000Y000019ZliRQAS,117987.16
2021-01-10,a000Y000019ZliRQAS,117623.66
2021-01-09,a000Y000019ZliRQAS,117623.66
2021-01-08,a000Y000019ZliRQAS,117380.16
2021-01-07,a000Y000019ZliRQAS,116915.66
2021-01-06,a000Y000019ZliRQAS,116391.16
2021-01-05,a000Y000019ZliRQAS,115834.87
2021-01-04,a000Y000019ZliRQAS,115720.5
2021-01-03,a000Y000019ZliRQAS,115850.64
2021-01-02,a000Y000019ZliRQAS,115850.64
2021-01-01,a000Y000019ZliRQAS,115845.58
2020-12-31,a000Y000019ZliRQAS,115460.6
2020-12-30,a000Y000019ZliRQAS,115762.99
2020-12-29,a000Y000019ZliRQAS,115695.13
2020-12-28,a000Y000019ZliRQAS,114909.79
2020-12-27,a000Y000019ZliRQAS,114371.45
2020-12-26,a000Y000019ZliRQAS,114371.45
2020-12-25,a000Y000019ZliRQAS,114452.26
2020-12-24,a000Y000019ZliRQAS,114459.96
2020-12-23,a000Y000019ZliRQAS,114543.26
2020-12-22,a000Y000019ZliRQAS,113694.47
2020-12-21,a000Y000019ZliRQAS,113524.71
2020-12-20,a000Y000019ZliRQAS,114732.84
2020-12-19,a000Y000019ZliRQAS,114732.84
2020-12-18,a000Y000019ZliRQAS,114695.02
2020-12-17,a000Y000019ZliRQAS,115086.91
2020-12-16,a000Y000019ZliRQAS,114776.83
2020-12-15,a000Y000019ZliRQAS,114223.97
2020-12-14,a000Y000019ZliRQAS,114321.77
2020-12-13,a000Y000019ZliRQAS,114058.4
2020-12-12,a000Y000019ZliRQAS,114058.4
2020-12-11,a000Y000019ZliRQAS,113950.04
2020-12-10,a000Y000019ZliRQAS,114270.91
2020-12-09,a000Y000019ZliRQAS,114589.73
2020-12-08,a000Y000019ZliRQAS,114484.04
2020-12-07,a000Y000019ZliRQAS,114358.38
2020-12-06,a000Y000019ZliRQAS,113978.6
2020-12-05,a000Y000019ZliRQAS,113978.6
2020-12-04,a000Y000019ZliRQAS,113870.58
2020-12-03,a000Y000019ZliRQAS,113882.24
2020-12-02,a000Y000019ZliRQAS,113836.2
2020-12-01,a000Y000019ZliRQAS,114658.05
2020-11-30,a000Y000019ZliRQAS,113410.53
2020-11-29,a000Y000019ZliRQAS,114537.54
2020-11-28,a000Y000019ZliRQAS,114537.54
2020-11-27,a000Y000019ZliRQAS,114764.95
2020-11-26,a000Y000019ZliRQAS,114529.08
2020-11-25,a000Y000019ZliRQAS,114422.33
2020-11-24,a000Y000019ZliRQAS,114634.51
2020-11-23,a000Y000019ZliRQAS,113462.14
2020-11-22,a000Y000019ZliRQAS,113531.06
2020-11-21,a000Y000019ZliRQAS,113531.06
2020-11-20,a000Y000019ZliRQAS,113441.98
2020-11-19,a000Y000019ZliRQAS,113207.35
2020-11-18,a000Y000019ZliRQAS,113702.62
2020-11-17,a000Y000019ZliRQAS,113934.37
2020-11-16,a000Y000019ZliRQAS,114425.22
2020-11-15,a000Y000019ZliRQAS,112727.41
2020-11-14,a000Y000019ZliRQAS,112727.41
2020-11-13,a000Y000019ZliRQAS,112858.39
2020-11-12,a000Y000019ZliRQAS,113101.87
2020-11-11,a000Y000019ZliRQAS,113197.59
2020-11-10,a000Y000019ZliRQAS,112930.67
2020-11-09,a000Y000019ZliRQAS,112895.36
2020-11-08,a000Y000019ZliRQAS,110989.99
2020-11-07,a000Y000019ZliRQAS,110989.99
2020-11-06,a000Y000019ZliRQAS,111224.13
2020-11-05,a000Y000019ZliRQAS,111566.71
2020-11-04,a000Y000019ZliRQAS,109727.58
2020-11-03,a000Y000019ZliRQAS,108309.8
2020-11-02,a000Y000019ZliRQAS,107141.31
2020-11-01,a000Y000019ZliRQAS,106550.26
2020-10-31,a000Y000019ZliRQAS,106550.26
2020-10-30,a000Y000019ZliRQAS,106429.66
2020-10-29,a000Y000019ZliRQAS,106583.14
2020-10-28,a000Y000019ZliRQAS,106371.94
2020-10-27,a000Y000019ZliRQAS,108356.17
2020-10-26,a000Y000019ZliRQAS,108580.06
2020-10-25,a000Y000019ZliRQAS,109837.52
2020-10-24,a000Y000019ZliRQAS,109837.52
2020-10-23,a000Y000019ZliRQAS,110030.61
2020-10-22,a000Y000019ZliRQAS,109583.69
2020-10-21,a000Y000019ZliRQAS,110352.69
2020-10-20,a000Y000019ZliRQAS,110683.29
2020-10-19,a000Y000019ZliRQAS,111293.58
2020-10-18,a000Y000019ZliRQAS,111655.13
2020-10-17,a000Y000019ZliRQAS,111655.13
2020-10-16,a000Y000019ZliRQAS,111704.22
2020-10-15,a000Y000019ZliRQAS,111197.29
2020-10-14,a000Y000019ZliRQAS,111970.55
2020-10-13,a000Y000019ZliRQAS,111789.76
2020-10-12,a000Y000019ZliRQAS,111695.56
2020-10-11,a000Y000019ZliRQAS,110809.79
2020-10-10,a000Y000019ZliRQAS,110809.79
2020-10-09,a000Y000019ZliRQAS,111130.94
2020-10-08,a000Y000019ZliRQAS,110578.57
2020-10-07,a000Y000019ZliRQAS,109772.71
2020-10-06,a000Y000019ZliRQAS,109409.9
2020-10-05,a000Y000019ZliRQAS,109531.42
2020-10-04,a000Y000019ZliRQAS,109140.73
2020-10-03,a000Y000019ZliRQAS,109140.73
2020-10-02,a000Y000019ZliRQAS,108991.56
2020-10-01,a000Y000019ZliRQAS,109081.05
2020-09-30,a000Y000019ZliRQAS,108526.32
2020-09-29,a000Y000019ZliRQAS,108730.14
2020-09-28,a000Y000019ZliRQAS,108830.93
2020-09-27,a000Y000019ZliRQAS,107213.85
2020-09-26,a000Y000019ZliRQAS,107213.85
2020-09-25,a000Y000019ZliRQAS,107030.17
2020-09-24,a000Y000019ZliRQAS,106579.1
2020-09-23,a000Y000019ZliRQAS,107310.51
2020-09-22,a000Y000019ZliRQAS,107127.09
2020-09-21,a000Y000019ZliRQAS,106705.1
2020-09-20,a000Y000019ZliRQAS,108463.15
2020-09-19,a000Y000019ZliRQAS,108463.15
2020-09-18,a000Y000019ZliRQAS,108425.16
2020-09-17,a000Y000019ZliRQAS,108827.52
2020-09-16,a000Y000019ZliRQAS,109438.71
2020-09-15,a000Y000019ZliRQAS,108910.11
2020-09-14,a000Y000019ZliRQAS,108301.18
2020-09-13,a000Y000019ZliRQAS,107571.58
2020-09-12,a000Y000019ZliRQAS,107571.58
2020-09-11,a000Y000019ZliRQAS,107709.97
2020-09-10,a000Y000019ZliRQAS,108124.03
2020-09-09,a000Y000019ZliRQAS,107962.68
2020-09-08,a000Y000019ZliRQAS,107672.01
2020-09-07,a000Y000019ZliRQAS,108460.13
2020-09-06,a000Y000019ZliRQAS,108277.53
2020-09-05,a000Y000019ZliRQAS,108277.53
2020-09-04,a000Y000019ZliRQAS,108217.01
2020-09-03,a000Y000019ZliRQAS,110118.18
2020-09-02,a000Y000019ZliRQAS,110857.9
2020-09-01,a000Y000019ZliRQAS,109554.92
2020-08-31,a000Y000019ZliRQAS,109464.27
2020-08-30,a000Y000019ZliRQAS,109891.94
2020-08-29,a000Y000019ZliRQAS,109891.94
2020-08-28,a000Y000019ZliRQAS,110259.26
2020-08-27,a000Y000019ZliRQAS,110299.84
2020-08-26,a000Y000019ZliRQAS,109986.39
2020-08-25,a000Y000019ZliRQAS,109712.66
2020-08-24,a000Y000019ZliRQAS,109204.93
2020-08-23,a000Y000019ZliRQAS,108460.85
2020-08-22,a000Y000019ZliRQAS,108460.85
2020-08-21,a000Y000019ZliRQAS,108176.36
2020-08-20,a000Y000019ZliRQAS,107950.73
2020-08-19,a000Y000019ZliRQAS,107944.1
2020-08-18,a000Y000019ZliRQAS,108222.46
2020-08-17,a000Y000019ZliRQAS,108079.48
2020-08-16,a000Y000019ZliRQAS,107991.99
2020-08-15,a000Y000019ZliRQAS,107991.99
2020-08-14,a000Y000019ZliRQAS,108126.16
2020-08-13,a000Y000019ZliRQAS,108292.18
2020-08-12,a000Y000019ZliRQAS,108318.53
2020-08-11,a000Y000019ZliRQAS,107927.3
2020-08-10,a000Y000019ZliRQAS,107318.65
2020-08-09,a000Y000019ZliRQAS,107207.13
2020-08-08,a000Y000019ZliRQAS,107207.13
2020-08-07,a000Y000019ZliRQAS,106832.35
2020-08-06,a000Y000019ZliRQAS,106788.45
2020-08-05,a000Y000019ZliRQAS,106990.07
2020-08-04,a000Y000019ZliRQAS,106754.16
2020-08-03,a000Y000019ZliRQAS,105849.77
2020-08-02,a000Y000019ZliRQAS,105266.86
2020-08-01,a000Y000019ZliRQAS,105266.86
2020-07-31,a000Y000019ZliRQAS,104958.76
2020-07-30,a000Y000019ZliRQAS,105601.5
2020-07-29,a000Y000019ZliRQAS,106183.39
2020-07-28,a000Y000019ZliRQAS,106004.07
2020-07-27,a000Y000019ZliRQAS,106205.57
2020-07-26,a000Y000019ZliRQAS,106279.52
2020-07-25,a000Y000019ZliRQAS,106279.52
2020-07-24,a000Y000019ZliRQAS,106543.17
2020-07-23,a000Y000019ZliRQAS,107568.37
2020-07-22,a000Y000019ZliRQAS,107742.38
2020-07-21,a000Y000019ZliRQAS,108498.38
2020-07-20,a000Y000019ZliRQAS,107818.49
2020-07-19,a000Y000019ZliRQAS,107281.05
2020-07-18,a000Y000019ZliRQAS,107281.05
2020-07-17,a000Y000019ZliRQAS,107476.52
2020-07-16,a000Y000019ZliRQAS,107167.86
2020-07-15,a000Y000019ZliRQAS,107553.06
2020-07-14,a000Y000019ZliRQAS,106866.11
2020-07-13,a000Y000019ZliRQAS,107773.79
2020-07-12,a000Y000019ZliRQAS,107225.09
2020-07-11,a000Y000019ZliRQAS,107225.09
2020-07-10,a000Y000019ZliRQAS,107302.61
2020-07-09,a000Y000019ZliRQAS,106947.99
2020-07-08,a000Y000019ZliRQAS,107149.16
2020-07-07,a000Y000019ZliRQAS,107274.69
2020-07-06,a000Y000019ZliRQAS,107757.11
2020-07-05,a000Y000019ZliRQAS,106428.67
2020-07-04,a000Y000019ZliRQAS,106428.67
2020-07-03,a000Y000019ZliRQAS,106471.28
2020-07-02,a000Y000019ZliRQAS,106449.01
2020-07-01,a000Y000019ZliRQAS,105396.41
2020-06-30,a000Y000019ZliRQAS,104820.99
2020-06-29,a000Y000019ZliRQAS,104127.74
2020-06-28,a000Y000019ZliRQAS,104627.53
2020-06-27,a000Y000019ZliRQAS,104627.53
2020-06-26,a000Y000019ZliRQAS,104635.0
2020-06-25,a000Y000019ZliRQAS,104574.12
2020-06-24,a000Y000019ZliRQAS,104986.93
2020-06-23,a000Y000019ZliRQAS,106317.8
2020-06-22,a000Y000019ZliRQAS,106121.04
2020-06-21,a000Y000019ZliRQAS,106579.14
2020-06-20,a000Y000019ZliRQAS,106579.14
2020-06-19,a000Y000019ZliRQAS,106454.87
2020-06-18,a000Y000019ZliRQAS,105943.52
2020-06-17,a000Y000019ZliRQAS,105918.27
2020-06-16,a000Y000019ZliRQAS,104895.67
2020-06-15,a000Y000019ZliRQAS,102818.02
2020-06-14,a000Y000019ZliRQAS,103053.41
2020-06-13,a000Y000019ZliRQAS,103053.41
2020-06-12,a000Y000019ZliRQAS,102857.5
2020-06-11,a000Y000019ZliRQAS,104441.71
2020-06-10,a000Y000019ZliRQAS,106791.56
2020-06-09,a000Y000019ZliRQAS,107228.12
2020-06-08,a000Y000019ZliRQAS,107522.56
2020-06-07,a000Y000019ZliRQAS,106932.61
2020-06-06,a000Y000019ZliRQAS,106932.61
2020-06-05,a000Y000019ZliRQAS,106684.27
2020-06-04,a000Y000019ZliRQAS,105959.24
2020-06-03,a000Y000019ZliRQAS,106396.82
2020-06-02,a000Y000019ZliRQAS,105302.73
2020-06-01,a000Y000019ZliRQAS,103899.32
2020-05-31,a000Y000019ZliRQAS,103623.66
2020-05-30,a000Y000019ZliRQAS,103623.66
2020-05-29,a000Y000019ZliRQAS,103446.1
2020-05-28,a000Y000019ZliRQAS,104580.07
2020-05-27,a000Y000019ZliRQAS,103874.18
2020-05-26,a000Y000019ZliRQAS,103959.05
2020-05-25,a000Y000019ZliRQAS,102617.97
2020-05-24,a000Y000019ZliRQAS,102255.86
2020-05-23,a000Y000019ZliRQAS,102255.86
2020-05-22,a000Y000019ZliRQAS,102038.87
2020-05-21,a000Y000019ZliRQAS,102351.54
2020-05-20,a000Y000019ZliRQAS,102821.79
2020-05-19,a000Y000019ZliRQAS,102348.74
2020-05-18,a000Y000019ZliRQAS,102516.35
2020-05-17,a000Y000019ZliRQAS,100461.71
2020-05-16,a000Y000019ZliRQAS,100461.71
2020-05-15,a000Y000019ZliRQAS,100521.98
2020-05-14,a000Y000019ZliRQAS,99979.88
2020-05-13,a000Y000019ZliRQAS,100653.08
2020-05-12,a000Y000019ZliRQAS,102253.27
2020-05-11,a000Y000019ZliRQAS,102494.23
2020-05-10,a000Y000019ZliRQAS,101959.36
2020-05-09,a000Y000019ZliRQAS,101959.36
2020-05-08,a000Y000019ZliRQAS,101948.65
2020-05-07,a000Y000019ZliRQAS,100760.7
2020-05-06,a000Y000019ZliRQAS,100123.97
2020-05-05,a000Y000019ZliRQAS,99674.68
2020-05-04,a000Y000019ZliRQAS,98097.94
2020-05-03,a000Y000019ZliRQAS,100577.07
2020-05-02,a000Y000019ZliRQAS,100577.07
2020-05-01,a000Y000019ZliRQAS,100723.38
2020-04-30,a000Y000019ZliRQAS,101566.39
2020-04-29,a000Y000019ZliRQAS,102398.55
2020-04-28,a000Y000019ZliRQAS,100913.68
2020-04-27,a000Y000019ZliRQAS,100166.28
2020-04-26,a000Y000019ZliRQAS,98676.16
2020-04-25,a000Y000019ZliRQAS,98676.16
2020-04-24,a000Y000019ZliRQAS,98879.6
2020-04-23,a000Y000019ZliRQAS,98727.44
2020-04-22,a000Y000019ZliRQAS,97332.67
2020-04-21,a000Y000019ZliRQAS,97059.5
2020-04-20,a000Y000019ZliRQAS,99462.99
2020-04-19,a000Y000019ZliRQAS,99343.88
2020-04-18,a000Y000019ZliRQAS,99343.88
2020-04-17,a000Y000019ZliRQAS,99518.24
2020-04-16,a000Y000019ZliRQAS,97751.99
2020-04-15,a000Y000019ZliRQAS,97370.33
2020-04-14,a000Y000019ZliRQAS,98323.38
2020-04-13,a000Y000019ZliRQAS,97065.48
2020-04-12,a000Y000019ZliRQAS,97077.44
2020-04-11,a000Y000019ZliRQAS,97077.44
2020-04-10,a000Y000019ZliRQAS,97109.12
2020-04-09,a000Y000019ZliRQAS,97416.25
2020-04-08,a000Y000019ZliRQAS,95862.84
2020-04-07,a000Y000019ZliRQAS,95440.08
2020-04-06,a000Y000019ZliRQAS,92995.48
2020-04-05,a000Y000019ZliRQAS,89889.61
2020-04-04,a000Y000019ZliRQAS,89889.61
2020-04-03,a000Y000019ZliRQAS,89703.34
2020-04-02,a000Y000019ZliRQAS,89469.3
2020-04-01,a000Y000019ZliRQAS,89521.14
2020-03-31,a000Y000019ZliRQAS,91741.83
2020-03-30,a000Y000019ZliRQAS,90548.0
2020-03-29,a000Y000019ZliRQAS,90292.27
2020-03-28,a000Y000019ZliRQAS,90292.27
2020-03-27,a000Y000019ZliRQAS,90732.71
2020-03-26,a000Y000019ZliRQAS,91795.97
2020-03-25,a000Y000019ZliRQAS,90308.57
2020-03-24,a000Y000019ZliRQAS,86786.56
2020-03-23,a000Y000019ZliRQAS,82865.65
2020-03-22,a000Y000019ZliRQAS,85675.44
2020-03-21,a000Y000019ZliRQAS,85675.44
2020-03-20,a000Y000019ZliRQAS,85673.73
2020-03-19,a000Y000019ZliRQAS,85042.33
2020-03-18,a000Y000019ZliRQAS,85235.81
2020-03-17,a000Y000019ZliRQAS,86392.83
2020-03-16,a000Y000019ZliRQAS,86692.67
2020-03-15,a000Y000019ZliRQAS,90134.1
2020-03-14,a000Y000019ZliRQAS,90134.1
2020-03-13,a000Y000019ZliRQAS,89815.12
2020-03-12,a000Y000019ZliRQAS,90196.8
2020-03-11,a000Y000019ZliRQAS,97633.62
2020-03-10,a000Y000019ZliRQAS,97040.12
2020-03-09,a000Y000019ZliRQAS,99597.14
2020-03-08,a000Y000019ZliRQAS,104873.5
2020-03-07,a000Y000019ZliRQAS,104873.5
2020-03-06,a000Y000019ZliRQAS,104517.64
2020-03-05,a000Y000019ZliRQAS,108505.44
2020-03-04,a000Y000019ZliRQAS,107890.22
2020-03-03,a000Y000019ZliRQAS,107775.4
2020-03-02,a000Y000019ZliRQAS,108105.72
2020-03-01,a000Y000019ZliRQAS,106752.86
2020-02-29,a000Y000019ZliRQAS,106752.86
2020-02-28,a000Y000019ZliRQAS,106880.96
2020-02-27,a000Y000019ZliRQAS,110554.09
2020-02-26,a000Y000019ZliRQAS,113806.18
2020-02-25,a000Y000019ZliRQAS,114885.31
2020-02-24,a000Y000019ZliRQAS,117458.59
2020-02-23,a000Y000019ZliRQAS,120329.91
2020-02-22,a000Y000019ZliRQAS,120329.91
2020-02-21,a000Y000019ZliRQAS,120653.45
2020-02-20,a000Y000019ZliRQAS,121176.08
2020-02-19,a000Y000019ZliRQAS,121665.62
2020-02-18,a000Y000019ZliRQAS,120882.69
2020-02-17,a000Y000019ZliRQAS,121547.45
2020-02-16,a000Y000019ZliRQAS,121513.52
2020-02-15,a000Y000019ZliRQAS,121513.52
2020-02-14,a000Y000019ZliRQAS,121455.17
2020-02-13,a000Y000019ZliRQAS,121247.44
2020-02-12,a000Y000019ZliRQAS,120737.47
2020-02-11,a000Y000019ZliRQAS,120169.7
2020-02-10,a000Y000019ZliRQAS,119259.69
2020-02-09,a000Y000019ZliRQAS,119257.4
2020-02-08,a000Y000019ZliRQAS,119257.4
2020-02-07,a000Y000019ZliRQAS,119063.88
2020-02-06,a000Y000019ZliRQAS,119295.75
2020-02-05,a000Y000019ZliRQAS,118135.25
2020-02-04,a000Y000019ZliRQAS,117119.8
2020-02-03,a000Y000019ZliRQAS,115424.06
2020-02-02,a000Y000019ZliRQAS,115336.61
2020-02-01,a000Y000019ZliRQAS,115336.61
2020-01-31,a000Y000019ZliRQAS,115663.53
2020-01-30,a000Y000019ZliRQAS,116942.64
2020-01-29,a000Y000019ZliRQAS,117561.82
2020-01-28,a000Y000019ZliRQAS,117237.39
2020-01-27,a000Y000019ZliRQAS,117102.23
2020-01-26,a000Y000019ZliRQAS,118704.02
2020-01-25,a000Y000019ZliRQAS,118704.02
2020-01-24,a000Y000019ZliRQAS,118554.91
2020-01-23,a000Y000019ZliRQAS,118373.0
2020-01-22,a000Y000019ZliRQAS,118824.86
2020-01-21,a000Y000019ZliRQAS,118569.23
2020-01-20,a000Y000019ZliRQAS,119015.59
2020-01-19,a000Y000019ZliRQAS,118783.71
2020-01-18,a000Y000019ZliRQAS,118783.71
2020-01-17,a000Y000019ZliRQAS,118543.17
2020-01-16,a000Y000019ZliRQAS,117844.5
2020-01-15,a000Y000019ZliRQAS,117517.58
2020-01-14,a000Y000019ZliRQAS,117541.44
2020-01-13,a000Y000019ZliRQAS,117334.36
2020-01-12,a000Y000019ZliRQAS,117358.0
2020-01-11,a000Y000019ZliRQAS,117358.0
2020-01-10,a000Y000019ZliRQAS,117434.07
2020-01-09,a000Y000019ZliRQAS,117268.53
2020-01-08,a000Y000019ZliRQAS,116370.12
2020-01-07,a000Y000019ZliRQAS,116107.13
2020-01-06,a000Y000019ZliRQAS,115891.87
2020-01-05,a000Y000019ZliRQAS,116318.44
2020-01-04,a000Y000019ZliRQAS,116318.44
2020-01-03,a000Y000019ZliRQAS,116261.24
2020-01-02,a000Y000019ZliRQAS,116096.68
2020-01-01,a000Y000019ZliRQAS,115667.59
2019-12-31,a000Y000019ZliRQAS,115719.82
2019-12-30,a000Y000019ZliRQAS,115834.06
2019-12-29,a000Y000019ZliRQAS,116371.12
2019-12-28,a000Y000019ZliRQAS,116371.12
2019-12-27,a000Y000019ZliRQAS,116765.53
2019-12-26,a000Y000019ZliRQAS,116357.98
2019-12-25,a000Y000019ZliRQAS,116379.22
2019-12-24,a000Y000019ZliRQAS,116387.06
2019-12-23,a000Y000019ZliRQAS,116445.82
2019-12-22,a000Y000019ZliRQAS,116224.77
2019-12-21,a000Y000019ZliRQAS,116224.77
2019-12-20,a000Y000019ZliRQAS,116014.61
2019-12-19,a000Y000019ZliRQAS,115587.7
2019-12-18,a000Y000019ZliRQAS,115229.53
2019-12-17,a000Y000019ZliRQAS,115159.22
2019-12-16,a000Y000019ZliRQAS,114811.76
2019-12-15,a000Y000019ZliRQAS,114422.55
2019-12-14,a000Y000019ZliRQAS,114422.55
2019-12-13,a000Y000019ZliRQAS,114373.88
2019-12-12,a000Y000019ZliRQAS,113878.15
2019-12-11,a000Y000019ZliRQAS,113385.66
2019-12-10,a000Y000019ZliRQAS,113337.55
2019-12-09,a000Y000019ZliRQAS,113630.75
2019-12-08,a000Y000019ZliRQAS,113622.55
2019-12-07,a000Y000019ZliRQAS,113622.55
2019-12-06,a000Y000019ZliRQAS,113411.14
2019-12-05,a000Y000019ZliRQAS,112560.76
2019-12-04,a000Y000019ZliRQAS,112285.03
2019-12-03,a000Y000019ZliRQAS,111914.14
2019-12-02,a000Y000019ZliRQAS,113027.17
2019-12-01,a000Y000019ZliRQAS,113702.7
2019-11-30,a000Y000019ZliRQAS,113702.7
2019-11-29,a000Y000019ZliRQAS,113743.11
2019-11-28,a000Y000019ZliRQAS,114343.51
2019-11-27,a000Y000019ZliRQAS,114173.28
2019-11-26,a000Y000019ZliRQAS,113756.74
2019-11-25,a000Y000019ZliRQAS,113419.82
2019-11-24,a000Y000019ZliRQAS,112673.53
2019-11-23,a000Y000019ZliRQAS,112673.53
2019-11-22,a000Y000019ZliRQAS,112501.5
2019-11-21,a000Y000019ZliRQAS,112179.96
2019-11-20,a000Y000019ZliRQAS,112618.08
2019-11-19,a000Y000019ZliRQAS,112928.29
2019-11-18,a000Y000019ZliRQAS,112885.88
2019-11-17,a000Y000019ZliRQAS,112753.37
2019-11-16,a000Y000019ZliRQAS,112753.37
2019-11-15,a000Y000019ZliRQAS,112893.93
2019-11-14,a000Y000019ZliRQAS,112460.59
2019-11-13,a000Y000019ZliRQAS,112515.69
2019-11-12,a000Y000019ZliRQAS,112711.92
2019-11-11,a000Y000019ZliRQAS,112448.7
2019-11-10,a000Y000019ZliRQAS,112565.31
2019-11-09,a000Y000019ZliRQAS,112565.31
2019-11-08,a000Y000019ZliRQAS,112411.81
2019-11-07,a000Y000019ZliRQAS,112521.48
2019-11-06,a000Y000019ZliRQAS,111833.19
2019-11-05,a000Y000019ZliRQAS,111493.74
2019-11-04,a000Y000019ZliRQAS,110843.42
2019-11-03,a000Y000019ZliRQAS,109783.34
2019-11-02,a000Y000019ZliRQAS,109783.34
2019-11-01,a000Y000019ZliRQAS,109851.21
2019-10-31,a000Y000019ZliRQAS,109472.3
2019-10-30,a000Y000019ZliRQAS,109848.46
2019-10-29,a000Y000019ZliRQAS,110032.33
2019-10-28,a000Y000019ZliRQAS,109975.48
2019-10-27,a000Y000019ZliRQAS,109455.3
2019-10-26,a000Y000019ZliRQAS,109455.3
2019-10-25,a000Y000019ZliRQAS,109328.57
2019-10-24,a000Y000019ZliRQAS,108845.25
2019-10-23,a000Y000019ZliRQAS,108423.33
2019-10-22,a000Y000019ZliRQAS,108319.73
2019-10-21,a000Y000019ZliRQAS,108162.5
2019-10-20,a000Y000019ZliRQAS,107850.33
2019-10-19,a000Y000019ZliRQAS,107850.33
2019-10-18,a000Y000019ZliRQAS,108070.69
2019-10-17,a000Y000019ZliRQAS,108851.83
2019-10-16,a000Y000019ZliRQAS,109074.3
2019-10-15,a000Y000019ZliRQAS,108969.76
2019-10-14,a000Y000019ZliRQAS,107962.19
2019-10-13,a000Y000019ZliRQAS,108091.77
2019-10-12,a000Y000019ZliRQAS,108091.77
2019-10-11,a000Y000019ZliRQAS,108248.85
2019-10-10,a000Y000019ZliRQAS,107031.32
2019-10-09,a000Y000019ZliRQAS,106626.43
2019-10-08,a000Y000019ZliRQAS,106361.02
2019-10-07,a000Y000019ZliRQAS,107222.81
2019-10-06,a000Y000019ZliRQAS,107045.13
2019-10-05,a000Y000019ZliRQAS,107045.13
2019-10-04,a000Y000019ZliRQAS,107099.42
2019-10-03,a000Y000019ZliRQAS,106352.25
2019-10-02,a000Y000019ZliRQAS,106573.97
2019-10-01,a000Y000019ZliRQAS,108593.8
2019-09-30,a000Y000019ZliRQAS,108924.21
2019-09-29,a000Y000019ZliRQAS,108803.24
2019-09-28,a000Y000019ZliRQAS,108803.24
2019-09-27,a000Y000019ZliRQAS,108891.85
2019-09-26,a000Y000019ZliRQAS,109070.79
2019-09-25,a000Y000019ZliRQAS,108646.65
2019-09-24,a000Y000019ZliRQAS,109047.26
2019-09-23,a000Y000019ZliRQAS,110859.62
2019-09-22,a000Y000019ZliRQAS,109589.91
2019-09-21,a000Y000019ZliRQAS,109589.91
2019-09-20,a000Y000019ZliRQAS,109465.03
2019-09-19,a000Y000019ZliRQAS,109583.55
2019-09-18,a000Y000019ZliRQAS,109061.62
2019-09-17,a000Y000019ZliRQAS,109612.43
2019-09-16,a000Y000019ZliRQAS,109501.07
2019-09-15,a000Y000019ZliRQAS,109722.76
2019-09-14,a000Y000019ZliRQAS,109722.76
2019-09-13,a000Y000019ZliRQAS,109801.26
2019-09-12,a000Y000019ZliRQAS,109732.55
2019-09-11,a000Y000019ZliRQAS,109173.16
2019-09-10,a000Y000019ZliRQAS,108029.26
2019-09-09,a000Y000019ZliRQAS,108229.31
2019-09-08,a000Y000019ZliRQAS,107878.31
2019-09-07,a000Y000019ZliRQAS,107878.31
2019-09-06,a000Y000019ZliRQAS,107835.9
2019-09-05,a000Y000019ZliRQAS,107801.94
2019-09-04,a000Y000019ZliRQAS,106863.07
2019-09-03,a000Y000019ZliRQAS,105900.27
2019-09-02,a000Y000019ZliRQAS,106066.24
2019-09-01,a000Y000019ZliRQAS,106039.32
2019-08-31,a000Y000019ZliRQAS,106039.32
2019-08-30,a000Y000019ZliRQAS,105695.51
2019-08-29,a000Y000019ZliRQAS,105269.05
2019-08-28,a000Y000019ZliRQAS,104294.94
2019-08-27,a000Y000019ZliRQAS,103984.98
2019-08-26,a000Y000019ZliRQAS,103684.01
2019-08-25,a000Y000019ZliRQAS,103662.68
2019-08-24,a000Y000019ZliRQAS,103662.68
2019-08-23,a000Y000019ZliRQAS,103996.16
2019-08-22,a000Y000019ZliRQAS,104895.63
2019-08-21,a000Y000019ZliRQAS,104939.31
2019-08-20,a000Y000019ZliRQAS,104657.61
2019-08-19,a000Y000019ZliRQAS,104622.07
2019-08-18,a000Y000019ZliRQAS,103792.97
2019-08-17,a000Y000019ZliRQAS,103792.97
2019-08-16,a000Y000019ZliRQAS,103697.01
2019-08-15,a000Y000019ZliRQAS,102364.22
2019-08-14,a000Y000019ZliRQAS,102574.93
2019-08-13,a000Y000019ZliRQAS,103710.26
2019-08-12,a000Y000019ZliRQAS,103420.42
2019-08-11,a000Y000019ZliRQAS,104069.65
2019-08-10,a000Y000019ZliRQAS,104069.65
2019-08-09,a000Y000019ZliRQAS,104171.47
2019-08-08,a000Y000019ZliRQAS,104216.44
2019-08-07,a000Y000019ZliRQAS,102864.67
2019-08-06,a000Y000019ZliRQAS,102949.38
2019-08-05,a000Y000019ZliRQAS,103396.93
2019-08-04,a000Y000019ZliRQAS,105743.87
2019-08-03,a000Y000019ZliRQAS,105743.87
2019-08-02,a000Y000019ZliRQAS,105867.27
2019-08-01,a000Y000019ZliRQAS,107540.6
2019-07-31,a000Y000019ZliRQAS,107310.57
2019-07-30,a000Y000019ZliRQAS,107713.03
2019-07-29,a000Y000019ZliRQAS,108174.53
2019-07-28,a000Y000019ZliRQAS,108351.13
2019-07-27,a000Y000019ZliRQAS,108351.13
2019-07-26,a000Y000019ZliRQAS,108229.49
2019-07-25,a000Y000019ZliRQAS,108332.6
2019-07-24,a000Y000019ZliRQAS,108436.02
2019-07-23,a000Y000019ZliRQAS,107773.56
2019-07-22,a000Y000019ZliRQAS,107008.95
2019-07-21,a000Y000019ZliRQAS,107202.52
2019-07-20,a000Y000019ZliRQAS,107202.52
2019-07-19,a000Y000019ZliRQAS,106881.18
2019-07-18,a000Y000019ZliRQAS,106878.51
2019-07-17,a000Y000019ZliRQAS,107402.28
2019-07-16,a000Y000019ZliRQAS,107512.27
2019-07-15,a000Y000019ZliRQAS,107470.54
2019-07-14,a000Y000019ZliRQAS,107379.51
2019-07-13,a000Y000019ZliRQAS,107379.51
2019-07-12,a000Y000019ZliRQAS,107472.24
2019-07-11,a000Y000019ZliRQAS,107548.59
2019-07-10,a000Y000019ZliRQAS,107435.76
2019-07-09,a000Y000019ZliRQAS,107055.88
2019-07-08,a000Y000019ZliRQAS,107218.34
2019-07-07,a000Y000019ZliRQAS,107737.99
2019-07-06,a000Y000019ZliRQAS,107737.99
2019-07-05,a000Y000019ZliRQAS,107386.33
2019-07-04,a000Y000019ZliRQAS,107844.7
2019-07-03,a000Y000019ZliRQAS,107580.36
2019-07-02,a000Y000019ZliRQAS,106923.01
2019-07-01,a000Y000019ZliRQAS,106230.47
2019-06-30,a000Y000019ZliRQAS,105291.07
2019-06-29,a000Y000019ZliRQAS,105291.07
2019-06-28,a000Y000019ZliRQAS,105291.07
2019-06-27,a000Y000019ZliRQAS,104880.87
2019-06-26,a000Y000019ZliRQAS,104557.62
2019-06-25,a000Y000019ZliRQAS,104671.73
2019-06-24,a000Y000019ZliRQAS,107684.86
2019-06-23,a000Y000019ZliRQAS,105430.49
2019-06-22,a000Y000019ZliRQAS,105430.49
2019-06-21,a000Y000019ZliRQAS,105873.57
2019-06-20,a000Y000019ZliRQAS,106381.18
2019-06-19,a000Y000019ZliRQAS,105747.38
2019-06-18,a000Y000019ZliRQAS,105220.59
2019-06-17,a000Y000019ZliRQAS,104270.76
2019-06-16,a000Y000019ZliRQAS,104275.14
2019-06-15,a000Y000019ZliRQAS,104275.14
2019-06-14,a000Y000019ZliRQAS,103897.93
2019-06-13,a000Y000019ZliRQAS,103949.96
2019-06-12,a000Y000019ZliRQAS,103572.9
2019-06-11,a000Y000019ZliRQAS,104033.38
2019-06-10,a000Y000019ZliRQAS,103373.74
2019-06-09,a000Y000019ZliRQAS,103067.13
2019-06-08,a000Y000019ZliRQAS,103067.13
2019-06-07,a000Y000019ZliRQAS,103374.06
2019-06-06,a000Y000019ZliRQAS,102767.03
2019-06-05,a000Y000019ZliRQAS,102359.33
2019-06-04,a000Y000019ZliRQAS,101651.22
2019-06-03,a000Y000019ZliRQAS,101176.73
2019-06-02,a000Y000019ZliRQAS,101385.23
2019-06-01,a000Y000019ZliRQAS,101385.23
2019-05-31,a000Y000019ZliRQAS,101598.29
2019-05-30,a000Y000019ZliRQAS,102002.68
2019-05-29,a000Y000019ZliRQAS,101753.88
2019-05-28,a000Y000019ZliRQAS,102424.84
2019-05-27,a000Y000019ZliRQAS,102474.16
2019-05-26,a000Y000019ZliRQAS,102445.37
2019-05-25,a000Y000019ZliRQAS,102445.37
2019-05-24,a000Y000019ZliRQAS,102564.59
2019-05-23,a000Y000019ZliRQAS,102549.44
2019-05-22,a000Y000019ZliRQAS,103524.21
2019-05-21,a000Y000019ZliRQAS,103605.93
2019-05-20,a000Y000019ZliRQAS,103251.12
2019-05-19,a000Y000019ZliRQAS,104036.91
2019-05-18,a000Y000019ZliRQAS,104036.91
2019-05-17,a000Y000019ZliRQAS,103940.43
2019-05-16,a000Y000019ZliRQAS,104143.61
2019-05-15,a000Y000019ZliRQAS,103398.72
2019-05-14,a000Y000019ZliRQAS,102944.55
2019-05-13,a000Y000019ZliRQAS,102283.42
2019-05-12,a000Y000019ZliRQAS,103487.37
2019-05-11,a000Y000019ZliRQAS,103487.37
2019-05-10,a000Y000019ZliRQAS,103553.66
2019-05-09,a000Y000019ZliRQAS,104055.02
2019-05-08,a000Y000019ZliRQAS,104843.56
2019-05-07,a000Y000019ZliRQAS,104979.85
2019-05-06,a000Y000019ZliRQAS,106223.75
2019-05-05,a000Y000019ZliRQAS,106596.91
2019-05-04,a000Y000019ZliRQAS,106596.91
2019-05-03,a000Y000019ZliRQAS,106733.22
2019-05-02,a000Y000019ZliRQAS,106066.05
2019-05-01,a000Y000019ZliRQAS,106643.16
2019-04-30,a000Y000019ZliRQAS,106608.15
2019-04-29,a000Y000019ZliRQAS,106981.22
2019-04-28,a000Y000019ZliRQAS,106725.62
2019-04-27,a000Y000019ZliRQAS,106725.62
2019-04-26,a000Y000019ZliRQAS,106830.29
2019-04-25,a000Y000019ZliRQAS,106505.41
2019-04-24,a000Y000019ZliRQAS,106354.06
2019-04-23,a000Y000019ZliRQAS,106263.43
2019-04-22,a000Y000019ZliRQAS,105730.87
2019-04-21,a000Y000019ZliRQAS,105715.21
2019-04-20,a000Y000019ZliRQAS,105715.21
2019-04-19,a000Y000019ZliRQAS,105818.57
2019-04-18,a000Y000019ZliRQAS,105440.68
2019-04-17,a000Y000019ZliRQAS,105475.48
2019-04-16,a000Y000019ZliRQAS,105429.8
2019-04-15,a000Y000019ZliRQAS,105287.25
2019-04-14,a000Y000019ZliRQAS,105115.35
2019-04-13,a000Y000019ZliRQAS,105115.35
2019-04-12,a000Y000019ZliRQAS,105397.11
2019-04-11,a000Y000019ZliRQAS,104973.66
2019-04-10,a000Y000019ZliRQAS,105136.15
2019-04-09,a000Y000019ZliRQAS,104923.66
2019-04-08,a000Y000019ZliRQAS,105437.43
2019-04-07,a000Y000019ZliRQAS,105411.38
2019-04-06,a000Y000019ZliRQAS,105411.38
2019-04-05,a000Y000019ZliRQAS,105380.89
2019-04-04,a000Y000019ZliRQAS,105010.95
2019-04-03,a000Y000019ZliRQAS,105256.69
2019-04-02,a000Y000019ZliRQAS,104663.67
2019-04-01,a000Y000019ZliRQAS,104414.89
2019-03-31,a000Y000019ZliRQAS,103436.88
2019-03-30,a000Y000019ZliRQAS,103436.88
2019-03-29,a000Y000019ZliRQAS,103405.86
2019-03-28,a000Y000019ZliRQAS,104034.5
2019-03-27,a000Y000019ZliRQAS,103851.02
2019-03-26,a000Y000019ZliRQAS,103779.02
2019-03-25,a000Y000019ZliRQAS,103108.4
2019-03-24,a000Y000019ZliRQAS,103666.48
2019-03-23,a000Y000019ZliRQAS,103666.48
2019-03-22,a000Y000019ZliRQAS,103366.93
2019-03-21,a000Y000019ZliRQAS,104151.54
2019-03-20,a000Y000019ZliRQAS,104069.24
2019-03-19,a000Y000019ZliRQAS,104592.93
2019-03-18,a000Y000019ZliRQAS,104297.33
2019-03-17,a000Y000019ZliRQAS,104086.71
2019-03-16,a000Y000019ZliRQAS,104086.71
2019-03-15,a000Y000019ZliRQAS,104206.24
2019-03-14,a000Y000019ZliRQAS,103591.04
2019-03-13,a000Y000019ZliRQAS,103799.28
2019-03-12,a000Y000019ZliRQAS,103686.1
2019-03-11,a000Y000019ZliRQAS,103348.65
2019-03-10,a000Y000019ZliRQAS,102376.95
2019-03-09,a000Y000019ZliRQAS,102376.95
2019-03-08,a000Y000019ZliRQAS,102607.18
2019-03-07,a000Y000019ZliRQAS,102708.72
2019-03-06,a000Y000019ZliRQAS,103296.83
2019-03-05,a000Y000019ZliRQAS,103401.09
2019-03-04,a000Y000019ZliRQAS,103196.56
2019-03-03,a000Y000019ZliRQAS,103161.4
2019-03-02,a000Y000019ZliRQAS,103161.4
2019-03-01,a000Y000019ZliRQAS,103202.18
2019-02-28,a000Y000019ZliRQAS,102861.92
2019-02-27,a000Y000019ZliRQAS,103099.43
2019-02-26,a000Y000019ZliRQAS,103476.08
2019-02-25,a000Y000019ZliRQAS,103612.26
2019-02-24,a000Y000019ZliRQAS,103332.73
2019-02-23,a000Y000019ZliRQAS,103332.73
2019-02-22,a000Y000019ZliRQAS,103349.89
2019-02-21,a000Y000019ZliRQAS,102988.49
2019-02-20,a000Y000019ZliRQAS,103156.65
2019-02-19,a000Y000019ZliRQAS,102920.28
2019-02-18,a000Y000019ZliRQAS,102990.69
2019-02-17,a000Y000019ZliRQAS,102761.54
2019-02-16,a000Y000019ZliRQAS,102761.54
2019-02-15,a000Y000019ZliRQAS,102722.98
2019-02-14,a000Y000019ZliRQAS,102389.21
2019-02-13,a000Y000019ZliRQAS,102236.2
2019-02-12,a000Y000019ZliRQAS,102170.52
2019-02-11,a000Y000019ZliRQAS,100982.82
2019-02-10,a000Y000019ZliRQAS,100722.67
2019-02-09,a000Y000019ZliRQAS,100722.67
2019-02-08,a000Y000019ZliRQAS,100656.62
2019-02-07,a000Y000019ZliRQAS,100904.64
2019-02-06,a000Y000019ZliRQAS,101470.2
2019-02-05,a000Y000019ZliRQAS,101379.12
2019-02-04,a000Y000019ZliRQAS,100729.47
2019-02-03,a000Y000019ZliRQAS,100449.8
2019-02-02,a000Y000019ZliRQAS,100449.8
2019-02-01,a000Y000019ZliRQAS,100495.14
2019-01-31,a000Y000019ZliRQAS,100310.28
2019-01-30,a000Y000019ZliRQAS,99752.7
2019-01-29,a000Y000019ZliRQAS,99076.33
2019-01-28,a000Y000019ZliRQAS,98995.58
2019-01-27,a000Y000019ZliRQAS,99614.56
2019-01-26,a000Y000019ZliRQAS,99614.56
2019-01-25,a000Y000019ZliRQAS,100117.13
2019-01-24,a000Y000019ZliRQAS,99267.05
2019-01-23,a000Y000019ZliRQAS,99086.31
2019-01-22,a000Y000019ZliRQAS,99162.64
2019-01-21,a000Y000019ZliRQAS,99922.34
2019-01-20,a000Y000019ZliRQAS,99945.76
2019-01-19,a000Y000019ZliRQAS,99945.76
2019-01-18,a000Y000019ZliRQAS,99777.24
2019-01-17,a000Y000019ZliRQAS,98594.08
2019-01-16,a000Y000019ZliRQAS,98138.27
2019-01-15,a000Y000019ZliRQAS,97413.38
2019-01-14,a000Y000019ZliRQAS,96777.84
2019-01-13,a000Y000019ZliRQAS,97089.22
2019-01-12,a000Y000019ZliRQAS,97089.22
2019-01-11,a000Y000019ZliRQAS,96951.13
2019-01-10,a000Y000019ZliRQAS,96584.25
2019-01-09,a000Y000019ZliRQAS,96939.81
2019-01-08,a000Y000019ZliRQAS,95853.52
2019-01-07,a000Y000019ZliRQAS,95986.16
2019-01-06,a000Y000019ZliRQAS,95235.37
2019-01-05,a000Y000019ZliRQAS,95235.37
2019-01-04,a000Y000019ZliRQAS,95215.96
2019-01-03,a000Y000019ZliRQAS,93654.52
2019-01-02,a000Y000019ZliRQAS,94103.6
2019-01-01,a000Y000019ZliRQAS,94079.22
2018-12-31,a000Y000019ZliRQAS,94227.5
2018-12-30,a000Y000019ZliRQAS,93784.56
2018-12-29,a000Y000019ZliRQAS,93784.56
2018-12-28,a000Y000019ZliRQAS,93822.38
2018-12-27,a000Y000019ZliRQAS,93307.82
2018-12-26,a000Y000019ZliRQAS,91832.51
2018-12-25,a000Y000019ZliRQAS,91986.77
2018-12-24,a000Y000019ZliRQAS,92127.18
2018-12-23,a000Y000019ZliRQAS,93268.54
2018-12-22,a000Y000019ZliRQAS,93268.54
2018-12-21,a000Y000019ZliRQAS,92940.68
2018-12-20,a000Y000019ZliRQAS,93949.19
2018-12-19,a000Y000019ZliRQAS,95540.96
2018-12-18,a000Y000019ZliRQAS,95912.89
2018-12-17,a000Y000019ZliRQAS,96624.71
2018-12-16,a000Y000019ZliRQAS,97503.76
2018-12-15,a000Y000019ZliRQAS,97503.76
2018-12-14,a000Y000019ZliRQAS,97248.46
2018-12-13,a000Y000019ZliRQAS,98226.95
2018-12-12,a000Y000019ZliRQAS,98654.29
2018-12-11,a000Y000019ZliRQAS,97474.59
2018-12-10,a000Y000019ZliRQAS,96795.25
2018-12-09,a000Y000019ZliRQAS,97904.58
2018-12-08,a000Y000019ZliRQAS,97904.58
2018-12-07,a000Y000019ZliRQAS,97903.09
2018-12-06,a000Y000019ZliRQAS,98399.38
2018-12-05,a000Y000019ZliRQAS,99930.08
2018-12-04,a000Y000019ZliRQAS,100471.75
2018-12-03,a000Y000019ZliRQAS,101954.08
2018-12-02,a000Y000019ZliRQAS,100809.61
2018-12-01,a000Y000019ZliRQAS,100809.61
2018-11-30,a000Y000019ZliRQAS,100428.2
2018-11-29,a000Y000019ZliRQAS,100416.7
2018-11-28,a000Y000019ZliRQAS,100647.35
2018-11-27,a000Y000019ZliRQAS,99391.87
2018-11-26,a000Y000019ZliRQAS,99218.34
2018-11-25,a000Y000019ZliRQAS,98479.24
2018-11-24,a000Y000019ZliRQAS,98479.24
2018-11-23,a000Y000019ZliRQAS,98163.39
2018-11-22,a000Y000019ZliRQAS,98358.0
2018-11-21,a000Y000019ZliRQAS,98676.7
2018-11-20,a000Y000019ZliRQAS,97809.05
2018-11-19,a000Y000019ZliRQAS,99359.3
2018-11-18,a000Y000019ZliRQAS,100070.07
2018-11-17,a000Y000019ZliRQAS,100070.07
2018-11-16,a000Y000019ZliRQAS,100525.49
2018-11-15,a000Y000019ZliRQAS,100632.85
2018-11-14,a000Y000019ZliRQAS,100444.91
2018-11-13,a000Y000019ZliRQAS,101358.73
2018-11-12,a000Y000019ZliRQAS,101042.87
2018-11-11,a000Y000019ZliRQAS,101788.17
2018-11-10,a000Y000019ZliRQAS,101788.17
2018-11-09,a000Y000019ZliRQAS,101657.53
2018-11-08,a000Y000019ZliRQAS,102077.85
2018-11-07,a000Y000019ZliRQAS,101829.58
2018-11-06,a000Y000019ZliRQAS,100899.46
2018-11-05,a000Y000019ZliRQAS,100674.7
2018-11-04,a000Y000019ZliRQAS,100669.31
2018-11-03,a000Y000019ZliRQAS,100669.31
2018-11-02,a000Y000019ZliRQAS,100564.67
2018-11-01,a000Y000019ZliRQAS,100390.48
2018-10-31,a000Y000019ZliRQAS,99916.18
2018-10-30,a000Y000019ZliRQAS,98462.58
2018-10-29,a000Y000019ZliRQAS,97928.04
2018-10-28,a000Y000019ZliRQAS,97959.77
2018-10-27,a000Y000019ZliRQAS,97959.77
2018-10-26,a000Y000019ZliRQAS,98098.89
2018-10-25,a000Y000019ZliRQAS,99014.49
2018-10-24,a000Y000019ZliRQAS,98302.21
2018-10-23,a000Y000019ZliRQAS,99316.94
2018-10-22,a000Y000019ZliRQAS,100212.37
2018-10-21,a000Y000019ZliRQAS,100355.74
2018-10-20,a000Y000019ZliRQAS,100355.74
2018-10-19,a000Y000019ZliRQAS,100664.3
2018-10-18,a000Y000019ZliRQAS,100524.73
2018-10-17,a000Y000019ZliRQAS,100993.13
2018-10-16,a000Y000019ZliRQAS,100791.24
2018-10-15,a000Y000019ZliRQAS,99778.66
2018-10-14,a000Y000019ZliRQAS,99977.25
2018-10-13,a000Y000019ZliRQAS,99977.25
2018-10-12,a000Y000019ZliRQAS,99822.81
2018-10-11,a000Y000019ZliRQAS,99744.27
2018-10-10,a000Y000019ZliRQAS,101878.17
2018-10-09,a000Y000019ZliRQAS,103548.95
2018-10-08,a000Y000019ZliRQAS,103547.36
2018-10-07,a000Y000019ZliRQAS,103826.87
2018-10-06,a000Y000019ZliRQAS,103826.87
2018-10-05,a000Y000019ZliRQAS,103881.92
2018-10-04,a000Y000019ZliRQAS,104609.13
2018-10-03,a000Y000019ZliRQAS,105124.19
2018-10-02,a000Y000019ZliRQAS,105030.1
2018-10-01,a000Y000019ZliRQAS,105070.88
2018-09-30,a000Y000019ZliRQAS,104955.44
2018-09-29,a000Y000019ZliRQAS,104955.44
2018-09-28,a000Y000019ZliRQAS,104762.54
2018-09-27,a000Y000019ZliRQAS,104243.58
2018-09-26,a000Y000019ZliRQAS,103950.55
2018-09-25,a000Y000019ZliRQAS,104013.71
2018-09-24,a000Y000019ZliRQAS,103863.28
2018-09-23,a000Y000019ZliRQAS,104375.24
2018-09-22,a000Y000019ZliRQAS,104375.24
2018-09-21,a000Y000019ZliRQAS,104246.98
2018-09-20,a000Y000019ZliRQAS,104395.14
2018-09-19,a000Y000019ZliRQAS,104028.04
2018-09-18,a000Y000019ZliRQAS,103534.17
2018-09-17,a000Y000019ZliRQAS,103299.84
2018-09-16,a000Y000019ZliRQAS,103580.0
2018-09-15,a000Y000019ZliRQAS,103580.0
2018-09-14,a000Y000019ZliRQAS,103284.83
2018-09-13,a000Y000019ZliRQAS,103367.8
2018-09-12,a000Y000019ZliRQAS,103054.04
2018-09-11,a000Y000019ZliRQAS,102964.84
2018-09-10,a000Y000019ZliRQAS,103132.24
2018-09-09,a000Y000019ZliRQAS,103103.53
2018-09-08,a000Y000019ZliRQAS,103103.53
2018-09-07,a000Y000019ZliRQAS,102752.46
2018-09-06,a000Y000019ZliRQAS,102750.83
2018-09-05,a000Y000019ZliRQAS,103199.98
2018-09-04,a000Y000019ZliRQAS,103818.17
2018-09-03,a000Y000019ZliRQAS,104357.71
2018-09-02,a000Y000019ZliRQAS,104405.52
2018-09-01,a000Y000019ZliRQAS,104405.52
2018-08-31,a000Y000019ZliRQAS,104058.13
2018-08-30,a000Y000019ZliRQAS,103965.58
2018-08-29,a000Y000019ZliRQAS,104367.07
2018-08-28,a000Y000019ZliRQAS,104171.55
2018-08-27,a000Y000019ZliRQAS,104178.77
2018-08-26,a000Y000019ZliRQAS,103694.01
2018-08-25,a000Y000019ZliRQAS,103694.01
2018-08-24,a000Y000019ZliRQAS,104107.65
2018-08-23,a000Y000019ZliRQAS,103581.13
2018-08-22,a000Y000019ZliRQAS,103982.3
2018-08-21,a000Y000019ZliRQAS,104378.49
2018-08-20,a000Y000019ZliRQAS,104454.38
2018-08-19,a000Y000019ZliRQAS,104094.4
2018-08-18,a000Y000019ZliRQAS,104094.4
2018-08-17,a000Y000019ZliRQAS,104394.05
2018-08-16,a000Y000019ZliRQAS,104462.03
2018-08-15,a000Y000019ZliRQAS,104501.44
2018-08-14,a000Y000019ZliRQAS,104697.56
2018-08-13,a000Y000019ZliRQAS,104181.07
2018-08-12,a000Y000019ZliRQAS,104837.9
2018-08-11,a000Y000019ZliRQAS,104837.9
2018-08-10,a000Y000019ZliRQAS,104264.48
2018-08-09,a000Y000019ZliRQAS,104479.25
2018-08-08,a000Y000019ZliRQAS,104563.23
2018-08-07,a000Y000019ZliRQAS,104856.11
2018-08-06,a000Y000019ZliRQAS,104365.5
2018-08-05,a000Y000019ZliRQAS,104240.94
2018-08-04,a000Y000019ZliRQAS,104240.94
2018-08-03,a000Y000019ZliRQAS,104156.73
2018-08-02,a000Y000019ZliRQAS,103389.12
2018-08-01,a000Y000019ZliRQAS,103466.89
2018-07-31,a000Y000019ZliRQAS,103405.03
2018-07-30,a000Y000019ZliRQAS,103579.57
2018-07-29,a000Y000019ZliRQAS,104081.26
2018-07-28,a000Y000019ZliRQAS,104081.26
2018-07-27,a000Y000019ZliRQAS,104151.33
2018-07-26,a000Y000019ZliRQAS,103777.52
2018-07-25,a000Y000019ZliRQAS,103942.73
2018-07-24,a000Y000019ZliRQAS,103444.52
2018-07-23,a000Y000019ZliRQAS,102688.61
2018-07-22,a000Y000019ZliRQAS,102777.18
2018-07-21,a000Y000019ZliRQAS,102777.18
2018-07-20,a000Y000019ZliRQAS,103126.98
2018-07-19,a000Y000019ZliRQAS,103189.93
2018-07-18,a000Y000019ZliRQAS,103244.54
2018-07-17,a000Y000019ZliRQAS,102847.69
2018-07-16,a000Y000019ZliRQAS,102653.45
2018-07-15,a000Y000019ZliRQAS,102953.19
2018-07-14,a000Y000019ZliRQAS,102953.19
2018-07-13,a000Y000019ZliRQAS,103023.84
2018-07-12,a000Y000019ZliRQAS,102643.11
2018-07-11,a000Y000019ZliRQAS,102017.62
2018-07-10,a000Y000019ZliRQAS,102744.09
2018-07-09,a000Y000019ZliRQAS,102505.98
2018-07-08,a000Y000019ZliRQAS,101708.32
2018-07-07,a000Y000019ZliRQAS,101708.32
2018-07-06,a000Y000019ZliRQAS,101966.5
2018-07-05,a000Y000019ZliRQAS,101560.99
2018-07-04,a000Y000019ZliRQAS,101324.16
2018-07-03,a000Y000019ZliRQAS,101408.48
2018-07-02,a000Y000019ZliRQAS,101102.19
2018-07-01,a000Y000019ZliRQAS,101743.93
2018-06-30,a000Y000019ZliRQAS,101743.93
2018-06-29,a000Y000019ZliRQAS,102282.28
2018-06-28,a000Y000019ZliRQAS,101854.65
2018-06-27,a000Y000019ZliRQAS,101564.46
2018-06-26,a000Y000019ZliRQAS,101502.03
2018-06-25,a000Y000019ZliRQAS,101640.73
2018-06-24,a000Y000019ZliRQAS,103014.47
2018-06-23,a000Y000019ZliRQAS,103014.47
2018-06-22,a000Y000019ZliRQAS,103266.11
2018-06-21,a000Y000019ZliRQAS,103063.33
2018-06-20,a000Y000019ZliRQAS,103684.05
2018-06-19,a000Y000019ZliRQAS,103236.45
2018-06-18,a000Y000019ZliRQAS,103881.82
2018-06-17,a000Y000019ZliRQAS,104398.53
2018-06-16,a000Y000019ZliRQAS,104398.53
2018-06-15,a000Y000019ZliRQAS,104598.26
2018-06-14,a000Y000019ZliRQAS,104561.72
2018-06-13,a000Y000019ZliRQAS,104512.91
2018-06-12,a000Y000019ZliRQAS,104468.69
2018-06-11,a000Y000019ZliRQAS,104511.47
2018-06-10,a000Y000019ZliRQAS,103991.19
2018-06-09,a000Y000019ZliRQAS,103991.19
2018-06-08,a000Y000019ZliRQAS,103832.07
2018-06-07,a000Y000019ZliRQAS,103917.12
2018-06-06,a000Y000019ZliRQAS,104298.65
2018-06-05,a000Y000019ZliRQAS,104095.26
2018-06-04,a000Y000019ZliRQAS,104397.42
2018-06-03,a000Y000019ZliRQAS,103909.97
2018-06-02,a000Y000019ZliRQAS,103909.97
2018-06-01,a000Y000019ZliRQAS,103827.15
2018-05-31,a000Y000019ZliRQAS,103142.93
2018-05-30,a000Y000019ZliRQAS,104086.26
2018-05-29,a000Y000019ZliRQAS,103077.24
2018-05-28,a000Y000019ZliRQAS,103900.78
2018-05-27,a000Y000019ZliRQAS,103844.43
2018-05-26,a000Y000019ZliRQAS,103844.43
2018-05-25,a000Y000019ZliRQAS,103544.59
2018-05-24,a000Y000019ZliRQAS,103308.4
2018-05-23,a000Y000019ZliRQAS,103029.2
2018-05-22,a000Y000019ZliRQAS,103565.34
2018-05-21,a000Y000019ZliRQAS,103388.69
2018-05-20,a000Y000019ZliRQAS,103211.76
2018-05-19,a000Y000019ZliRQAS,103211.76
2018-05-18,a000Y000019ZliRQAS,103130.93
2018-05-17,a000Y000019ZliRQAS,103254.05
2018-05-16,a000Y000019ZliRQAS,103009.59
2018-05-15,a000Y000019ZliRQAS,102258.23
2018-05-14,a000Y000019ZliRQAS,102643.34
2018-05-13,a000Y000019ZliRQAS,102455.25
2018-05-12,a000Y000019ZliRQAS,102455.25
2018-05-11,a000Y000019ZliRQAS,102582.85
2018-05-10,a000Y000019ZliRQAS,102395.17
2018-05-09,a000Y000019ZliRQAS,101985.53
2018-05-08,a000Y000019ZliRQAS,101295.54
2018-05-07,a000Y000019ZliRQAS,100945.83
2018-05-06,a000Y000019ZliRQAS,100582.4
2018-05-05,a000Y000019ZliRQAS,100582.4
2018-05-04,a000Y000019ZliRQAS,100450.0
2018-05-03,a000Y000019ZliRQAS,99744.71
2018-05-02,a000Y000019ZliRQAS,100281.17
2018-05-01,a000Y000019ZliRQAS,99754.03
2018-04-30,a000Y000019ZliRQAS,99923.08
2018-04-29,a000Y000019ZliRQAS,99892.3
2018-04-28,a000Y000019ZliRQAS,99892.3
2018-04-27,a000Y000019ZliRQAS,99984.35
2018-04-26,a000Y000019ZliRQAS,99503.86
2018-04-25,a000Y000019ZliRQAS,98457.4
2018-04-24,a000Y000019ZliRQAS,98850.89
2018-04-23,a000Y000019ZliRQAS,98996.17
2018-04-22,a000Y000019ZliRQAS,98828.6
2018-04-21,a000Y000019ZliRQAS,98828.6
2018-04-20,a000Y000019ZliRQAS,98618.18
2018-04-19,a000Y000019ZliRQAS,98762.64
2018-04-18,a000Y000019ZliRQAS,99161.01
2018-04-17,a000Y000019ZliRQAS,98777.79
2018-04-16,a000Y000019ZliRQAS,98451.72
2018-04-15,a000Y000019ZliRQAS,98242.98
2018-04-14,a000Y000019ZliRQAS,98242.98
2018-04-13,a000Y000019ZliRQAS,98260.77
2018-04-12,a000Y000019ZliRQAS,98250.77
2018-04-11,a000Y000019ZliRQAS,97912.21
2018-04-10,a000Y000019ZliRQAS,98541.46
2018-04-09,a000Y000019ZliRQAS,98117.96
2018-04-08,a000Y000019ZliRQAS,97755.08
2018-04-07,a000Y000019ZliRQAS,97755.08
2018-04-06,a000Y000019ZliRQAS,97896.64
2018-04-05,a000Y000019ZliRQAS,98751.83
2018-04-04,a000Y000019ZliRQAS,97345.18
2018-04-03,a000Y000019ZliRQAS,97156.26
2018-04-02,a000Y000019ZliRQAS,97622.24
2018-04-01,a000Y000019ZliRQAS,97790.59
2018-03-31,a000Y000019ZliRQAS,97790.59
2018-03-30,a000Y000019ZliRQAS,97865.4
2018-03-29,a000Y000019ZliRQAS,97777.66
2018-03-28,a000Y000019ZliRQAS,96525.03
2018-03-27,a000Y000019ZliRQAS,96819.93
2018-03-26,a000Y000019ZliRQAS,96832.44
2018-03-25,a000Y000019ZliRQAS,96269.22
2018-03-24,a000Y000019ZliRQAS,96269.22
2018-03-23,a000Y000019ZliRQAS,96428.6
2018-03-22,a000Y000019ZliRQAS,97776.95
2018-03-21,a000Y000019ZliRQAS,99520.09
2018-03-20,a000Y000019ZliRQAS,99226.04
2018-03-19,a000Y000019ZliRQAS,99209.66
2018-03-18,a000Y000019ZliRQAS,100297.09
2018-03-17,a000Y000019ZliRQAS,100297.09
2018-03-16,a000Y000019ZliRQAS,100200.87
2018-03-15,a000Y000019ZliRQAS,99812.15
2018-03-14,a000Y000019ZliRQAS,99574.73
2018-03-13,a000Y000019ZliRQAS,100125.25
2018-03-12,a000Y000019ZliRQAS,100520.8
2018-03-11,a000Y000019ZliRQAS,100524.83
2018-03-10,a000Y000019ZliRQAS,100524.83
2018-03-09,a000Y000019ZliRQAS,100547.96
2018-03-08,a000Y000019ZliRQAS,99259.95
2018-03-07,a000Y000019ZliRQAS,98843.15
2018-03-06,a000Y000019ZliRQAS,99347.02
2018-03-05,a000Y000019ZliRQAS,98994.19
2018-03-04,a000Y000019ZliRQAS,98265.0
2018-03-03,a000Y000019ZliRQAS,98265.0
2018-03-02,a000Y000019ZliRQAS,98447.34
2018-03-01,a000Y000019ZliRQAS,99562.66
2018-02-28,a000Y000019ZliRQAS,100522.17
2018-02-27,a000Y000019ZliRQAS,100895.68
2018-02-26,a000Y000019ZliRQAS,101332.27
2018-02-25,a000Y000019ZliRQAS,100584.3
2018-02-24,a000Y000019ZliRQAS,100584.3
2018-02-23,a000Y000019ZliRQAS,100432.41
2018-02-22,a000Y000019ZliRQAS,100065.73
2018-02-21,a000Y000019ZliRQAS,100113.17
2018-02-20,a000Y000019ZliRQAS,99720.33
2018-02-19,a000Y000019ZliRQAS,99845.3
2018-02-18,a000Y000019ZliRQAS,99867.13
2018-02-17,a000Y000019ZliRQAS,99867.13
2018-02-16,a000Y000019ZliRQAS,99440.91
2018-02-15,a000Y000019ZliRQAS,98934.38
2018-02-14,a000Y000019ZliRQAS,98521.42
2018-02-13,a000Y000019ZliRQAS,98171.37
2018-02-12,a000Y000019ZliRQAS,98704.14
2018-02-11,a000Y000019ZliRQAS,97087.06
2018-02-10,a000Y000019ZliRQAS,97087.06
2018-02-09,a000Y000019ZliRQAS,97051.3
2018-02-08,a000Y000019ZliRQAS,98321.28
2018-02-07,a000Y000019ZliRQAS,99325.59
2018-02-06,a000Y000019ZliRQAS,98222.3
2018-02-05,a000Y000019ZliRQAS,99524.7
2018-02-04,a000Y000019ZliRQAS,101135.06
2018-02-03,a000Y000019ZliRQAS,101135.06
2018-02-02,a000Y000019ZliRQAS,100980.89
2018-02-01,a000Y000019ZliRQAS,102614.69
2018-01-31,a000Y000019ZliRQAS,102792.35
2018-01-30,a000Y000019ZliRQAS,103020.19
2018-01-29,a000Y000019ZliRQAS,103615.56
2018-01-28,a000Y000019ZliRQAS,103906.31
2018-01-27,a000Y000019ZliRQAS,103906.31
2018-01-26,a000Y000019ZliRQAS,103960.84
2018-01-25,a000Y000019ZliRQAS,103623.18
2018-01-24,a000Y000019ZliRQAS,104208.98
2018-01-23,a000Y000019ZliRQAS,104356.39
2018-01-22,a000Y000019ZliRQAS,104213.85
2018-01-21,a000Y000019ZliRQAS,103913.36
2018-01-20,a000Y000019ZliRQAS,103913.36
2018-01-19,a000Y000019ZliRQAS,103809.26
2018-01-18,a000Y000019ZliRQAS,103913.35
2018-01-17,a000Y000019ZliRQAS,103600.77
2018-01-16,a000Y000019ZliRQAS,103208.39
2018-01-15,a000Y000019ZliRQAS,103503.08
2018-01-14,a000Y000019ZliRQAS,103519.53
2018-01-13,a000Y000019ZliRQAS,103519.53
2018-01-12,a000Y000019ZliRQAS,104237.67
2018-01-11,a000Y000019ZliRQAS,104250.4
2018-01-10,a000Y000019ZliRQAS,104054.11
2018-01-09,a000Y000019ZliRQAS,104079.01
2018-01-08,a000Y000019ZliRQAS,103591.7
2018-01-07,a000Y000019ZliRQAS,103443.36
2018-01-06,a000Y000019ZliRQAS,103443.36
2018-01-05,a000Y000019ZliRQAS,103284.07
2018-01-04,a000Y000019ZliRQAS,103118.04
2018-01-03,a000Y000019ZliRQAS,102218.94
2018-01-02,a000Y000019ZliRQAS,101840.04
2018-01-01,a000Y000019ZliRQAS,101570.39
2017-12-31,a000Y000019ZliRQAS,101570.39
2017-12-30,a000Y000019ZliRQAS,101971.83
2017-12-29,a000Y000019ZliRQAS,102216.09
2017-12-28,a000Y000019ZliRQAS,102397.26
2017-12-27,a000Y000019ZliRQAS,102465.84
2017-12-26,a000Y000019ZliRQAS,102322.0
2017-12-25,a000Y000019ZliRQAS,102360.02
2017-12-24,a000Y000019ZliRQAS,102360.02
2017-12-23,a000Y000019ZliRQAS,102360.02
2017-12-22,a000Y000019ZliRQAS,102283.61
2017-12-21,a000Y000019ZliRQAS,102308.22
2017-12-20,a000Y000019ZliRQAS,102362.99
2017-12-19,a000Y000019ZliRQAS,102842.77
2017-12-18,a000Y000019ZliRQAS,103115.44
2017-12-17,a000Y000019ZliRQAS,102369.34
2017-12-16,a000Y000019ZliRQAS,102369.34
2017-12-15,a000Y000019ZliRQAS,102263.67
2017-12-14,a000Y000019ZliRQAS,101964.85
2017-12-13,a000Y000019ZliRQAS,102555.36
2017-12-12,a000Y000019ZliRQAS,102347.73
2017-12-11,a000Y000019ZliRQAS,102128.52
2017-12-10,a000Y000019ZliRQAS,101948.53
2017-12-09,a000Y000019ZliRQAS,101948.53
2017-12-08,a000Y000019ZliRQAS,101950.26
2017-12-07,a000Y000019ZliRQAS,101562.41
2017-12-06,a000Y000019ZliRQAS,101356.2
2017-12-05,a000Y000019ZliRQAS,101353.37
2017-12-04,a000Y000019ZliRQAS,101473.38
2017-12-03,a000Y000019ZliRQAS,101105.81
2017-12-02,a000Y000019ZliRQAS,101105.81
2017-12-01,a000Y000019ZliRQAS,101023.47
2017-11-30,a000Y000019ZliRQAS,101635.45
2017-11-29,a000Y000019ZliRQAS,101729.3
2017-11-28,a000Y000019ZliRQAS,101313.84
2017-11-27,a000Y000019ZliRQAS,100809.94
2017-11-26,a000Y000019ZliRQAS,100902.41
2017-11-25,a000Y000019ZliRQAS,100902.41
2017-11-24,a000Y000019ZliRQAS,101314.17
2017-11-23,a000Y000019ZliRQAS,101367.96
2017-11-22,a000Y000019ZliRQAS,101627.54
2017-11-21,a000Y000019ZliRQAS,101742.43
2017-11-20,a000Y000019ZliRQAS,101034.6
2017-11-19,a000Y000019ZliRQAS,100827.11
2017-11-18,a000Y000019ZliRQAS,100827.11
2017-11-17,a000Y000019ZliRQAS,100870.93
2017-11-16,a000Y000019ZliRQAS,100787.56
2017-11-15,a000Y000019ZliRQAS,100075.54
2017-11-14,a000Y000019ZliRQAS,101239.7
2017-11-13,a000Y000019ZliRQAS,101474.63
2017-11-12,a000Y000019ZliRQAS,101785.45
2017-11-11,a000Y000019ZliRQAS,101785.45
2017-11-10,a000Y000019ZliRQAS,101900.83
2017-11-09,a000Y000019ZliRQAS,102397.38
2017-11-08,a000Y000019ZliRQAS,102952.35
2017-11-07,a000Y000019ZliRQAS,102766.74
2017-11-06,a000Y000019ZliRQAS,102704.54
2017-11-05,a000Y000019ZliRQAS,102643.81
2017-11-04,a000Y000019ZliRQAS,102643.81
2017-11-03,a000Y000019ZliRQAS,102401.86
2017-11-02,a000Y000019ZliRQAS,102499.08
2017-11-01,a000Y000019ZliRQAS,102372.73
2017-10-31,a000Y000019ZliRQAS,102116.65
2017-10-30,a000Y000019ZliRQAS,102131.38
2017-10-29,a000Y000019ZliRQAS,102232.85
2017-10-28,a000Y000019ZliRQAS,102232.85
2017-10-27,a000Y000019ZliRQAS,102003.78
2017-10-26,a000Y000019ZliRQAS,100848.56
2017-10-25,a000Y000019ZliRQAS,100627.4
2017-10-24,a000Y000019ZliRQAS,101221.38
2017-10-23,a000Y000019ZliRQAS,101168.65
2017-10-22,a000Y000019ZliRQAS,100977.76
2017-10-21,a000Y000019ZliRQAS,100977.76
2017-10-20,a000Y000019ZliRQAS,100730.23
2017-10-19,a000Y000019ZliRQAS,100762.18
2017-10-18,a000Y000019ZliRQAS,101284.99
2017-10-17,a000Y000019ZliRQAS,100957.39
2017-10-16,a000Y000019ZliRQAS,100984.2
2017-10-15,a000Y000019ZliRQAS,100918.79
2017-10-14,a000Y000019ZliRQAS,100918.79
2017-10-13,a000Y000019ZliRQAS,100851.04
2017-10-12,a000Y000019ZliRQAS,100456.43
2017-10-11,a000Y000019ZliRQAS,100573.71
2017-10-10,a000Y000019ZliRQAS,100694.39
2017-10-09,a000Y000019ZliRQAS,100513.11
2017-10-08,a000Y000019ZliRQAS,100494.15
2017-10-07,a000Y000019ZliRQAS,100494.15
2017-10-06,a000Y000019ZliRQAS,100588.09
2017-10-05,a000Y000019ZliRQAS,100443.38
2017-10-04,a000Y000019ZliRQAS,100365.08
2017-10-03,a000Y000019ZliRQAS,100254.14
2017-10-02,a000Y000019ZliRQAS,100151.7
2017-10-01,a000Y000019ZliRQAS,99912.06
2017-09-30,a000Y000019ZliRQAS,99912.06
2017-09-29,a000Y000019ZliRQAS,99912.12
2017-09-28,a000Y000019ZliRQAS,100000.0
2017-09-27,a000Y000019ZliRQAS,100000.0
2017-09-26,a000Y000019ZliRQAS,100000.0
2017-09-25,a000Y000019ZliRQAS,100000.0
2017-09-24,a000Y000019ZliRQAS,100000.0
2017-09-23,a000Y000019ZliRQAS,100000.0
2017-09-22,a000Y000019ZliRQAS,100000.0
2017-09-21,a000Y000019ZliRQAS,100000.0
2017-09-20,a000Y000019ZliRQAS,100000.0
